,target_id,NP_id,aa_index,Length,wt_aa,mt_aa,wt_seq,mt_seq,label
0,NP_000005.2:p.Arg1031Gln,NP_000005.2,1031,1474,R,Q,MGKNKLLHPSLVLLLLVLLPTDASVSGKPQYMVLVPSLLHTETTEKGCVLLSYLNETVTVSASLESVRGNRSLFTDLEAENDVLHCVAFAVPKSSSNEEVMFLTVQVKGPTQEFKKRTTVMVKNEDSLVFVQTDKSIYKPGQTVKFRVVSMDENFHPLNELIPLVYIQDPKGNRIAQWQSFQLEGGLKQFSFPLSSEPFQGSYKVVVQKKSGGRTEHPFTVEEFVLPKFEVQVTVPKIITILEEEMNVSVCGLYTYGKPVPGHVTVSICRKYSDASDCHGEDSQAFCEKFSGQLNSHGCFYQQVKTKVFQLKRKEYEMKLHTEAQIQEEGTVVELTGRQSSEITRTITKLSFVKVDSHFRQGIPFFGQVRLVDGKGVPIPNKVIFIRGNEANYYSNATTDEHGLVQFSINTTNVMGTSLTVRVNYKDRSPCYGYQWVSEEHEEAHHTAYLVFSPSKSFVHLEPMSHELPCGHTQTVQAHYILNGGTLLGLKKLSFYYLIMAKGGIVRTGTHGLLVKQEDMKGHFSISIPVKSDIAPVARLLIYAVLPTGDVIGDSAKYDVENCLANKVDLSFSPSQSLPASHAHLRVTAAPQSVCALRAVDQSVLLMKPDAELSASSVYNLLPEKDLTGFPGPLNDQDDEDCINRHNVYINGITYTPVSSTNEKDMYSFLEDMGLKAFTNSKIRKPKMCPQLQQYEMHGPEGLRVGFYESDVMGRGHARLVHVEEPHTETVRKYFPETWIWDLVVVNSAGVAEVGVTVPDTITEWKAGAFCLSEDAGLGISSTASLRAFQPFFVELTMPYSVIRGEAFTLKATVLNYLPKCIRVSVQLEASPAFLAVPVEKEQAPHCICANGRQTVSWAVTPKSLGNVNFTVSAEALESQELCGTEVPSVPEHGRKDTVIKPLLVEPEGLEKETTFNSLLCPSGGEVSEELSLKLPPNVVEESARASVSVLGDILGSAMQNTQNLLQMPYGCGEQNMVLFAPNIYVLDYLNETQQLTPEIKSKAIGYLNTGYQRQLNYKHYDGSYSTFGERYGRNQGNTWLTAFVLKTFAQARAYIFIDEAHITQALIWLSQRQKDNGCFRSSGSLLNNAIKGGVEDEVTLSAYITIALLEIPLTVTHPVVRNALFCLESAWKTAQEGDHGSHVYTKALLAYAFALAGNQDKRKEVLKSLNEEAVKKDNSVHWERPQKPKAPVGHFYEPQAPSAEVEMTSYVLLAYLTAQPAPTSEDLTSATNIVKWITKQQNAQGGFSSTQDTVVALHALSKYGAATFTRTGKAAQVTIQSSGTFSSKFQVDNNNRLLLQQVSLPELPGEYSMKVTGEGCVYLQTSLKYNILPEKEEFPFALGVQTLPQTCDEPKAHTSFQISLSVSYTGSRSASNMAIVDVKMVSGFIPLKPTVKMLERSNHVSRTEVSSNHVLIYLDKVSNQTLSLFFTVLQDVPVRDLKPAIVKVYDYYETDEFAIAEYNAPCSKDLGNA,MGKNKLLHPSLVLLLLVLLPTDASVSGKPQYMVLVPSLLHTETTEKGCVLLSYLNETVTVSASLESVRGNRSLFTDLEAENDVLHCVAFAVPKSSSNEEVMFLTVQVKGPTQEFKKRTTVMVKNEDSLVFVQTDKSIYKPGQTVKFRVVSMDENFHPLNELIPLVYIQDPKGNRIAQWQSFQLEGGLKQFSFPLSSEPFQGSYKVVVQKKSGGRTEHPFTVEEFVLPKFEVQVTVPKIITILEEEMNVSVCGLYTYGKPVPGHVTVSICRKYSDASDCHGEDSQAFCEKFSGQLNSHGCFYQQVKTKVFQLKRKEYEMKLHTEAQIQEEGTVVELTGRQSSEITRTITKLSFVKVDSHFRQGIPFFGQVRLVDGKGVPIPNKVIFIRGNEANYYSNATTDEHGLVQFSINTTNVMGTSLTVRVNYKDRSPCYGYQWVSEEHEEAHHTAYLVFSPSKSFVHLEPMSHELPCGHTQTVQAHYILNGGTLLGLKKLSFYYLIMAKGGIVRTGTHGLLVKQEDMKGHFSISIPVKSDIAPVARLLIYAVLPTGDVIGDSAKYDVENCLANKVDLSFSPSQSLPASHAHLRVTAAPQSVCALRAVDQSVLLMKPDAELSASSVYNLLPEKDLTGFPGPLNDQDDEDCINRHNVYINGITYTPVSSTNEKDMYSFLEDMGLKAFTNSKIRKPKMCPQLQQYEMHGPEGLRVGFYESDVMGRGHARLVHVEEPHTETVRKYFPETWIWDLVVVNSAGVAEVGVTVPDTITEWKAGAFCLSEDAGLGISSTASLRAFQPFFVELTMPYSVIRGEAFTLKATVLNYLPKCIRVSVQLEASPAFLAVPVEKEQAPHCICANGRQTVSWAVTPKSLGNVNFTVSAEALESQELCGTEVPSVPEHGRKDTVIKPLLVEPEGLEKETTFNSLLCPSGGEVSEELSLKLPPNVVEESARASVSVLGDILGSAMQNTQNLLQMPYGCGEQNMVLFAPNIYVLDYLNETQQLTPEIKSKAIGYLNTGYQRQLNYKHYDGSYSTFGEQYGRNQGNTWLTAFVLKTFAQARAYIFIDEAHITQALIWLSQRQKDNGCFRSSGSLLNNAIKGGVEDEVTLSAYITIALLEIPLTVTHPVVRNALFCLESAWKTAQEGDHGSHVYTKALLAYAFALAGNQDKRKEVLKSLNEEAVKKDNSVHWERPQKPKAPVGHFYEPQAPSAEVEMTSYVLLAYLTAQPAPTSEDLTSATNIVKWITKQQNAQGGFSSTQDTVVALHALSKYGAATFTRTGKAAQVTIQSSGTFSSKFQVDNNNRLLLQQVSLPELPGEYSMKVTGEGCVYLQTSLKYNILPEKEEFPFALGVQTLPQTCDEPKAHTSFQISLSVSYTGSRSASNMAIVDVKMVSGFIPLKPTVKMLERSNHVSRTEVSSNHVLIYLDKVSNQTLSLFFTVLQDVPVRDLKPAIVKVYDYYETDEFAIAEYNAPCSKDLGNA,0
1,NP_000007.1:p.Asp168Gly,NP_000007.1,168,421,D,G,MAAGFGRCCRVLRSISRFHWRSQHTKANRQREPGLGFSFEFTEQQKEFQATARKFAREEIIPVAAEYDKTGEYPVPLIRRAWELGLMNTHIPENCGGLGLGTFDACLISEELAYGCTGVQTAIEGNSLGQMPIIIAGNDQQKKKYLGRMTEEPLMCAYCVTEPGAGSDVAGIKTKAEKKGDEYIINGQKMWITNGGKANWYFLLARSDPDPKAPANKAFTGFIVEADTPGIQIGRKELNMGQRCSDTRGIVFEDVKVPKENVLIGDGAGFKVAMGAFDKTRPVVAAGAVGLAQRALDEATKYALERKTFGKLLVEHQAISFMLAEMAMKVELARMSYQRAAWEVDSGRRNTYYASIAKAFAGDIANQLATDAVQILGGNGFNTEYPVEKLMRDAKIYQIYEGTSQIQRLIVAREHIDKYKN,MAAGFGRCCRVLRSISRFHWRSQHTKANRQREPGLGFSFEFTEQQKEFQATARKFAREEIIPVAAEYDKTGEYPVPLIRRAWELGLMNTHIPENCGGLGLGTFDACLISEELAYGCTGVQTAIEGNSLGQMPIIIAGNDQQKKKYLGRMTEEPLMCAYCVTEPGAGSGVAGIKTKAEKKGDEYIINGQKMWITNGGKANWYFLLARSDPDPKAPANKAFTGFIVEADTPGIQIGRKELNMGQRCSDTRGIVFEDVKVPKENVLIGDGAGFKVAMGAFDKTRPVVAAGAVGLAQRALDEATKYALERKTFGKLLVEHQAISFMLAEMAMKVELARMSYQRAAWEVDSGRRNTYYASIAKAFAGDIANQLATDAVQILGGNGFNTEYPVEKLMRDAKIYQIYEGTSQIQRLIVAREHIDKYKN,1
2,NP_000007.1:p.Gly362Glu,NP_000007.1,362,421,G,E,MAAGFGRCCRVLRSISRFHWRSQHTKANRQREPGLGFSFEFTEQQKEFQATARKFAREEIIPVAAEYDKTGEYPVPLIRRAWELGLMNTHIPENCGGLGLGTFDACLISEELAYGCTGVQTAIEGNSLGQMPIIIAGNDQQKKKYLGRMTEEPLMCAYCVTEPGAGSDVAGIKTKAEKKGDEYIINGQKMWITNGGKANWYFLLARSDPDPKAPANKAFTGFIVEADTPGIQIGRKELNMGQRCSDTRGIVFEDVKVPKENVLIGDGAGFKVAMGAFDKTRPVVAAGAVGLAQRALDEATKYALERKTFGKLLVEHQAISFMLAEMAMKVELARMSYQRAAWEVDSGRRNTYYASIAKAFAGDIANQLATDAVQILGGNGFNTEYPVEKLMRDAKIYQIYEGTSQIQRLIVAREHIDKYKN,MAAGFGRCCRVLRSISRFHWRSQHTKANRQREPGLGFSFEFTEQQKEFQATARKFAREEIIPVAAEYDKTGEYPVPLIRRAWELGLMNTHIPENCGGLGLGTFDACLISEELAYGCTGVQTAIEGNSLGQMPIIIAGNDQQKKKYLGRMTEEPLMCAYCVTEPGAGSDVAGIKTKAEKKGDEYIINGQKMWITNGGKANWYFLLARSDPDPKAPANKAFTGFIVEADTPGIQIGRKELNMGQRCSDTRGIVFEDVKVPKENVLIGDGAGFKVAMGAFDKTRPVVAAGAVGLAQRALDEATKYALERKTFGKLLVEHQAISFMLAEMAMKVELARMSYQRAAWEVDSGRRNTYYASIAKAFAEDIANQLATDAVQILGGNGFNTEYPVEKLMRDAKIYQIYEGTSQIQRLIVAREHIDKYKN,1
3,NP_000007.1:p.Gly85Ser,NP_000007.1,85,421,G,S,MAAGFGRCCRVLRSISRFHWRSQHTKANRQREPGLGFSFEFTEQQKEFQATARKFAREEIIPVAAEYDKTGEYPVPLIRRAWELGLMNTHIPENCGGLGLGTFDACLISEELAYGCTGVQTAIEGNSLGQMPIIIAGNDQQKKKYLGRMTEEPLMCAYCVTEPGAGSDVAGIKTKAEKKGDEYIINGQKMWITNGGKANWYFLLARSDPDPKAPANKAFTGFIVEADTPGIQIGRKELNMGQRCSDTRGIVFEDVKVPKENVLIGDGAGFKVAMGAFDKTRPVVAAGAVGLAQRALDEATKYALERKTFGKLLVEHQAISFMLAEMAMKVELARMSYQRAAWEVDSGRRNTYYASIAKAFAGDIANQLATDAVQILGGNGFNTEYPVEKLMRDAKIYQIYEGTSQIQRLIVAREHIDKYKN,MAAGFGRCCRVLRSISRFHWRSQHTKANRQREPGLGFSFEFTEQQKEFQATARKFAREEIIPVAAEYDKTGEYPVPLIRRAWELSLMNTHIPENCGGLGLGTFDACLISEELAYGCTGVQTAIEGNSLGQMPIIIAGNDQQKKKYLGRMTEEPLMCAYCVTEPGAGSDVAGIKTKAEKKGDEYIINGQKMWITNGGKANWYFLLARSDPDPKAPANKAFTGFIVEADTPGIQIGRKELNMGQRCSDTRGIVFEDVKVPKENVLIGDGAGFKVAMGAFDKTRPVVAAGAVGLAQRALDEATKYALERKTFGKLLVEHQAISFMLAEMAMKVELARMSYQRAAWEVDSGRRNTYYASIAKAFAGDIANQLATDAVQILGGNGFNTEYPVEKLMRDAKIYQIYEGTSQIQRLIVAREHIDKYKN,1
4,NP_000007.1:p.Ile185Met,NP_000007.1,185,421,I,M,MAAGFGRCCRVLRSISRFHWRSQHTKANRQREPGLGFSFEFTEQQKEFQATARKFAREEIIPVAAEYDKTGEYPVPLIRRAWELGLMNTHIPENCGGLGLGTFDACLISEELAYGCTGVQTAIEGNSLGQMPIIIAGNDQQKKKYLGRMTEEPLMCAYCVTEPGAGSDVAGIKTKAEKKGDEYIINGQKMWITNGGKANWYFLLARSDPDPKAPANKAFTGFIVEADTPGIQIGRKELNMGQRCSDTRGIVFEDVKVPKENVLIGDGAGFKVAMGAFDKTRPVVAAGAVGLAQRALDEATKYALERKTFGKLLVEHQAISFMLAEMAMKVELARMSYQRAAWEVDSGRRNTYYASIAKAFAGDIANQLATDAVQILGGNGFNTEYPVEKLMRDAKIYQIYEGTSQIQRLIVAREHIDKYKN,MAAGFGRCCRVLRSISRFHWRSQHTKANRQREPGLGFSFEFTEQQKEFQATARKFAREEIIPVAAEYDKTGEYPVPLIRRAWELGLMNTHIPENCGGLGLGTFDACLISEELAYGCTGVQTAIEGNSLGQMPIIIAGNDQQKKKYLGRMTEEPLMCAYCVTEPGAGSDVAGIKTKAEKKGDEYIMNGQKMWITNGGKANWYFLLARSDPDPKAPANKAFTGFIVEADTPGIQIGRKELNMGQRCSDTRGIVFEDVKVPKENVLIGDGAGFKVAMGAFDKTRPVVAAGAVGLAQRALDEATKYALERKTFGKLLVEHQAISFMLAEMAMKVELARMSYQRAAWEVDSGRRNTYYASIAKAFAGDIANQLATDAVQILGGNGFNTEYPVEKLMRDAKIYQIYEGTSQIQRLIVAREHIDKYKN,1
5,NP_000007.1:p.Ile233Thr,NP_000007.1,233,421,I,T,MAAGFGRCCRVLRSISRFHWRSQHTKANRQREPGLGFSFEFTEQQKEFQATARKFAREEIIPVAAEYDKTGEYPVPLIRRAWELGLMNTHIPENCGGLGLGTFDACLISEELAYGCTGVQTAIEGNSLGQMPIIIAGNDQQKKKYLGRMTEEPLMCAYCVTEPGAGSDVAGIKTKAEKKGDEYIINGQKMWITNGGKANWYFLLARSDPDPKAPANKAFTGFIVEADTPGIQIGRKELNMGQRCSDTRGIVFEDVKVPKENVLIGDGAGFKVAMGAFDKTRPVVAAGAVGLAQRALDEATKYALERKTFGKLLVEHQAISFMLAEMAMKVELARMSYQRAAWEVDSGRRNTYYASIAKAFAGDIANQLATDAVQILGGNGFNTEYPVEKLMRDAKIYQIYEGTSQIQRLIVAREHIDKYKN,MAAGFGRCCRVLRSISRFHWRSQHTKANRQREPGLGFSFEFTEQQKEFQATARKFAREEIIPVAAEYDKTGEYPVPLIRRAWELGLMNTHIPENCGGLGLGTFDACLISEELAYGCTGVQTAIEGNSLGQMPIIIAGNDQQKKKYLGRMTEEPLMCAYCVTEPGAGSDVAGIKTKAEKKGDEYIINGQKMWITNGGKANWYFLLARSDPDPKAPANKAFTGFIVEADTPGIQTGRKELNMGQRCSDTRGIVFEDVKVPKENVLIGDGAGFKVAMGAFDKTRPVVAAGAVGLAQRALDEATKYALERKTFGKLLVEHQAISFMLAEMAMKVELARMSYQRAAWEVDSGRRNTYYASIAKAFAGDIANQLATDAVQILGGNGFNTEYPVEKLMRDAKIYQIYEGTSQIQRLIVAREHIDKYKN,1
6,NP_000007.1:p.Lys236Asn,NP_000007.1,236,421,K,N,MAAGFGRCCRVLRSISRFHWRSQHTKANRQREPGLGFSFEFTEQQKEFQATARKFAREEIIPVAAEYDKTGEYPVPLIRRAWELGLMNTHIPENCGGLGLGTFDACLISEELAYGCTGVQTAIEGNSLGQMPIIIAGNDQQKKKYLGRMTEEPLMCAYCVTEPGAGSDVAGIKTKAEKKGDEYIINGQKMWITNGGKANWYFLLARSDPDPKAPANKAFTGFIVEADTPGIQIGRKELNMGQRCSDTRGIVFEDVKVPKENVLIGDGAGFKVAMGAFDKTRPVVAAGAVGLAQRALDEATKYALERKTFGKLLVEHQAISFMLAEMAMKVELARMSYQRAAWEVDSGRRNTYYASIAKAFAGDIANQLATDAVQILGGNGFNTEYPVEKLMRDAKIYQIYEGTSQIQRLIVAREHIDKYKN,MAAGFGRCCRVLRSISRFHWRSQHTKANRQREPGLGFSFEFTEQQKEFQATARKFAREEIIPVAAEYDKTGEYPVPLIRRAWELGLMNTHIPENCGGLGLGTFDACLISEELAYGCTGVQTAIEGNSLGQMPIIIAGNDQQKKKYLGRMTEEPLMCAYCVTEPGAGSDVAGIKTKAEKKGDEYIINGQKMWITNGGKANWYFLLARSDPDPKAPANKAFTGFIVEADTPGIQIGRNELNMGQRCSDTRGIVFEDVKVPKENVLIGDGAGFKVAMGAFDKTRPVVAAGAVGLAQRALDEATKYALERKTFGKLLVEHQAISFMLAEMAMKVELARMSYQRAAWEVDSGRRNTYYASIAKAFAGDIANQLATDAVQILGGNGFNTEYPVEKLMRDAKIYQIYEGTSQIQRLIVAREHIDKYKN,1
7,NP_000007.1:p.Met328Val,NP_000007.1,328,421,M,V,MAAGFGRCCRVLRSISRFHWRSQHTKANRQREPGLGFSFEFTEQQKEFQATARKFAREEIIPVAAEYDKTGEYPVPLIRRAWELGLMNTHIPENCGGLGLGTFDACLISEELAYGCTGVQTAIEGNSLGQMPIIIAGNDQQKKKYLGRMTEEPLMCAYCVTEPGAGSDVAGIKTKAEKKGDEYIINGQKMWITNGGKANWYFLLARSDPDPKAPANKAFTGFIVEADTPGIQIGRKELNMGQRCSDTRGIVFEDVKVPKENVLIGDGAGFKVAMGAFDKTRPVVAAGAVGLAQRALDEATKYALERKTFGKLLVEHQAISFMLAEMAMKVELARMSYQRAAWEVDSGRRNTYYASIAKAFAGDIANQLATDAVQILGGNGFNTEYPVEKLMRDAKIYQIYEGTSQIQRLIVAREHIDKYKN,MAAGFGRCCRVLRSISRFHWRSQHTKANRQREPGLGFSFEFTEQQKEFQATARKFAREEIIPVAAEYDKTGEYPVPLIRRAWELGLMNTHIPENCGGLGLGTFDACLISEELAYGCTGVQTAIEGNSLGQMPIIIAGNDQQKKKYLGRMTEEPLMCAYCVTEPGAGSDVAGIKTKAEKKGDEYIINGQKMWITNGGKANWYFLLARSDPDPKAPANKAFTGFIVEADTPGIQIGRKELNMGQRCSDTRGIVFEDVKVPKENVLIGDGAGFKVAMGAFDKTRPVVAAGAVGLAQRALDEATKYALERKTFGKLLVEHQAISFMLAEMAVKVELARMSYQRAAWEVDSGRRNTYYASIAKAFAGDIANQLATDAVQILGGNGFNTEYPVEKLMRDAKIYQIYEGTSQIQRLIVAREHIDKYKN,1
8,NP_000007.1:p.Asn239Lys,NP_000007.1,239,421,N,K,MAAGFGRCCRVLRSISRFHWRSQHTKANRQREPGLGFSFEFTEQQKEFQATARKFAREEIIPVAAEYDKTGEYPVPLIRRAWELGLMNTHIPENCGGLGLGTFDACLISEELAYGCTGVQTAIEGNSLGQMPIIIAGNDQQKKKYLGRMTEEPLMCAYCVTEPGAGSDVAGIKTKAEKKGDEYIINGQKMWITNGGKANWYFLLARSDPDPKAPANKAFTGFIVEADTPGIQIGRKELNMGQRCSDTRGIVFEDVKVPKENVLIGDGAGFKVAMGAFDKTRPVVAAGAVGLAQRALDEATKYALERKTFGKLLVEHQAISFMLAEMAMKVELARMSYQRAAWEVDSGRRNTYYASIAKAFAGDIANQLATDAVQILGGNGFNTEYPVEKLMRDAKIYQIYEGTSQIQRLIVAREHIDKYKN,MAAGFGRCCRVLRSISRFHWRSQHTKANRQREPGLGFSFEFTEQQKEFQATARKFAREEIIPVAAEYDKTGEYPVPLIRRAWELGLMNTHIPENCGGLGLGTFDACLISEELAYGCTGVQTAIEGNSLGQMPIIIAGNDQQKKKYLGRMTEEPLMCAYCVTEPGAGSDVAGIKTKAEKKGDEYIINGQKMWITNGGKANWYFLLARSDPDPKAPANKAFTGFIVEADTPGIQIGRKELKMGQRCSDTRGIVFEDVKVPKENVLIGDGAGFKVAMGAFDKTRPVVAAGAVGLAQRALDEATKYALERKTFGKLLVEHQAISFMLAEMAMKVELARMSYQRAAWEVDSGRRNTYYASIAKAFAGDIANQLATDAVQILGGNGFNTEYPVEKLMRDAKIYQIYEGTSQIQRLIVAREHIDKYKN,1
9,NP_000007.1:p.Gln317Leu,NP_000007.1,317,421,Q,L,MAAGFGRCCRVLRSISRFHWRSQHTKANRQREPGLGFSFEFTEQQKEFQATARKFAREEIIPVAAEYDKTGEYPVPLIRRAWELGLMNTHIPENCGGLGLGTFDACLISEELAYGCTGVQTAIEGNSLGQMPIIIAGNDQQKKKYLGRMTEEPLMCAYCVTEPGAGSDVAGIKTKAEKKGDEYIINGQKMWITNGGKANWYFLLARSDPDPKAPANKAFTGFIVEADTPGIQIGRKELNMGQRCSDTRGIVFEDVKVPKENVLIGDGAGFKVAMGAFDKTRPVVAAGAVGLAQRALDEATKYALERKTFGKLLVEHQAISFMLAEMAMKVELARMSYQRAAWEVDSGRRNTYYASIAKAFAGDIANQLATDAVQILGGNGFNTEYPVEKLMRDAKIYQIYEGTSQIQRLIVAREHIDKYKN,MAAGFGRCCRVLRSISRFHWRSQHTKANRQREPGLGFSFEFTEQQKEFQATARKFAREEIIPVAAEYDKTGEYPVPLIRRAWELGLMNTHIPENCGGLGLGTFDACLISEELAYGCTGVQTAIEGNSLGQMPIIIAGNDQQKKKYLGRMTEEPLMCAYCVTEPGAGSDVAGIKTKAEKKGDEYIINGQKMWITNGGKANWYFLLARSDPDPKAPANKAFTGFIVEADTPGIQIGRKELNMGQRCSDTRGIVFEDVKVPKENVLIGDGAGFKVAMGAFDKTRPVVAAGAVGLAQRALDEATKYALERKTFGKLLVEHLAISFMLAEMAMKVELARMSYQRAAWEVDSGRRNTYYASIAKAFAGDIANQLATDAVQILGGNGFNTEYPVEKLMRDAKIYQIYEGTSQIQRLIVAREHIDKYKN,1
10,NP_000007.1:p.Arg148Lys,NP_000007.1,148,421,R,K,MAAGFGRCCRVLRSISRFHWRSQHTKANRQREPGLGFSFEFTEQQKEFQATARKFAREEIIPVAAEYDKTGEYPVPLIRRAWELGLMNTHIPENCGGLGLGTFDACLISEELAYGCTGVQTAIEGNSLGQMPIIIAGNDQQKKKYLGRMTEEPLMCAYCVTEPGAGSDVAGIKTKAEKKGDEYIINGQKMWITNGGKANWYFLLARSDPDPKAPANKAFTGFIVEADTPGIQIGRKELNMGQRCSDTRGIVFEDVKVPKENVLIGDGAGFKVAMGAFDKTRPVVAAGAVGLAQRALDEATKYALERKTFGKLLVEHQAISFMLAEMAMKVELARMSYQRAAWEVDSGRRNTYYASIAKAFAGDIANQLATDAVQILGGNGFNTEYPVEKLMRDAKIYQIYEGTSQIQRLIVAREHIDKYKN,MAAGFGRCCRVLRSISRFHWRSQHTKANRQREPGLGFSFEFTEQQKEFQATARKFAREEIIPVAAEYDKTGEYPVPLIRRAWELGLMNTHIPENCGGLGLGTFDACLISEELAYGCTGVQTAIEGNSLGQMPIIIAGNDQQKKKYLGKMTEEPLMCAYCVTEPGAGSDVAGIKTKAEKKGDEYIINGQKMWITNGGKANWYFLLARSDPDPKAPANKAFTGFIVEADTPGIQIGRKELNMGQRCSDTRGIVFEDVKVPKENVLIGDGAGFKVAMGAFDKTRPVVAAGAVGLAQRALDEATKYALERKTFGKLLVEHQAISFMLAEMAMKVELARMSYQRAAWEVDSGRRNTYYASIAKAFAGDIANQLATDAVQILGGNGFNTEYPVEKLMRDAKIYQIYEGTSQIQRLIVAREHIDKYKN,1
11,NP_000007.1:p.Arg206Cys,NP_000007.1,206,421,R,C,MAAGFGRCCRVLRSISRFHWRSQHTKANRQREPGLGFSFEFTEQQKEFQATARKFAREEIIPVAAEYDKTGEYPVPLIRRAWELGLMNTHIPENCGGLGLGTFDACLISEELAYGCTGVQTAIEGNSLGQMPIIIAGNDQQKKKYLGRMTEEPLMCAYCVTEPGAGSDVAGIKTKAEKKGDEYIINGQKMWITNGGKANWYFLLARSDPDPKAPANKAFTGFIVEADTPGIQIGRKELNMGQRCSDTRGIVFEDVKVPKENVLIGDGAGFKVAMGAFDKTRPVVAAGAVGLAQRALDEATKYALERKTFGKLLVEHQAISFMLAEMAMKVELARMSYQRAAWEVDSGRRNTYYASIAKAFAGDIANQLATDAVQILGGNGFNTEYPVEKLMRDAKIYQIYEGTSQIQRLIVAREHIDKYKN,MAAGFGRCCRVLRSISRFHWRSQHTKANRQREPGLGFSFEFTEQQKEFQATARKFAREEIIPVAAEYDKTGEYPVPLIRRAWELGLMNTHIPENCGGLGLGTFDACLISEELAYGCTGVQTAIEGNSLGQMPIIIAGNDQQKKKYLGRMTEEPLMCAYCVTEPGAGSDVAGIKTKAEKKGDEYIINGQKMWITNGGKANWYFLLACSDPDPKAPANKAFTGFIVEADTPGIQIGRKELNMGQRCSDTRGIVFEDVKVPKENVLIGDGAGFKVAMGAFDKTRPVVAAGAVGLAQRALDEATKYALERKTFGKLLVEHQAISFMLAEMAMKVELARMSYQRAAWEVDSGRRNTYYASIAKAFAGDIANQLATDAVQILGGNGFNTEYPVEKLMRDAKIYQIYEGTSQIQRLIVAREHIDKYKN,1
12,NP_000007.1:p.Arg206Leu,NP_000007.1,206,421,R,L,MAAGFGRCCRVLRSISRFHWRSQHTKANRQREPGLGFSFEFTEQQKEFQATARKFAREEIIPVAAEYDKTGEYPVPLIRRAWELGLMNTHIPENCGGLGLGTFDACLISEELAYGCTGVQTAIEGNSLGQMPIIIAGNDQQKKKYLGRMTEEPLMCAYCVTEPGAGSDVAGIKTKAEKKGDEYIINGQKMWITNGGKANWYFLLARSDPDPKAPANKAFTGFIVEADTPGIQIGRKELNMGQRCSDTRGIVFEDVKVPKENVLIGDGAGFKVAMGAFDKTRPVVAAGAVGLAQRALDEATKYALERKTFGKLLVEHQAISFMLAEMAMKVELARMSYQRAAWEVDSGRRNTYYASIAKAFAGDIANQLATDAVQILGGNGFNTEYPVEKLMRDAKIYQIYEGTSQIQRLIVAREHIDKYKN,MAAGFGRCCRVLRSISRFHWRSQHTKANRQREPGLGFSFEFTEQQKEFQATARKFAREEIIPVAAEYDKTGEYPVPLIRRAWELGLMNTHIPENCGGLGLGTFDACLISEELAYGCTGVQTAIEGNSLGQMPIIIAGNDQQKKKYLGRMTEEPLMCAYCVTEPGAGSDVAGIKTKAEKKGDEYIINGQKMWITNGGKANWYFLLALSDPDPKAPANKAFTGFIVEADTPGIQIGRKELNMGQRCSDTRGIVFEDVKVPKENVLIGDGAGFKVAMGAFDKTRPVVAAGAVGLAQRALDEATKYALERKTFGKLLVEHQAISFMLAEMAMKVELARMSYQRAAWEVDSGRRNTYYASIAKAFAGDIANQLATDAVQILGGNGFNTEYPVEKLMRDAKIYQIYEGTSQIQRLIVAREHIDKYKN,1
13,NP_000007.1:p.Arg281Ser,NP_000007.1,281,421,R,S,MAAGFGRCCRVLRSISRFHWRSQHTKANRQREPGLGFSFEFTEQQKEFQATARKFAREEIIPVAAEYDKTGEYPVPLIRRAWELGLMNTHIPENCGGLGLGTFDACLISEELAYGCTGVQTAIEGNSLGQMPIIIAGNDQQKKKYLGRMTEEPLMCAYCVTEPGAGSDVAGIKTKAEKKGDEYIINGQKMWITNGGKANWYFLLARSDPDPKAPANKAFTGFIVEADTPGIQIGRKELNMGQRCSDTRGIVFEDVKVPKENVLIGDGAGFKVAMGAFDKTRPVVAAGAVGLAQRALDEATKYALERKTFGKLLVEHQAISFMLAEMAMKVELARMSYQRAAWEVDSGRRNTYYASIAKAFAGDIANQLATDAVQILGGNGFNTEYPVEKLMRDAKIYQIYEGTSQIQRLIVAREHIDKYKN,MAAGFGRCCRVLRSISRFHWRSQHTKANRQREPGLGFSFEFTEQQKEFQATARKFAREEIIPVAAEYDKTGEYPVPLIRRAWELGLMNTHIPENCGGLGLGTFDACLISEELAYGCTGVQTAIEGNSLGQMPIIIAGNDQQKKKYLGRMTEEPLMCAYCVTEPGAGSDVAGIKTKAEKKGDEYIINGQKMWITNGGKANWYFLLARSDPDPKAPANKAFTGFIVEADTPGIQIGRKELNMGQRCSDTRGIVFEDVKVPKENVLIGDGAGFKVAMGAFDKTSPVVAAGAVGLAQRALDEATKYALERKTFGKLLVEHQAISFMLAEMAMKVELARMSYQRAAWEVDSGRRNTYYASIAKAFAGDIANQLATDAVQILGGNGFNTEYPVEKLMRDAKIYQIYEGTSQIQRLIVAREHIDKYKN,1
14,NP_000007.1:p.Arg348Cys,NP_000007.1,348,421,R,C,MAAGFGRCCRVLRSISRFHWRSQHTKANRQREPGLGFSFEFTEQQKEFQATARKFAREEIIPVAAEYDKTGEYPVPLIRRAWELGLMNTHIPENCGGLGLGTFDACLISEELAYGCTGVQTAIEGNSLGQMPIIIAGNDQQKKKYLGRMTEEPLMCAYCVTEPGAGSDVAGIKTKAEKKGDEYIINGQKMWITNGGKANWYFLLARSDPDPKAPANKAFTGFIVEADTPGIQIGRKELNMGQRCSDTRGIVFEDVKVPKENVLIGDGAGFKVAMGAFDKTRPVVAAGAVGLAQRALDEATKYALERKTFGKLLVEHQAISFMLAEMAMKVELARMSYQRAAWEVDSGRRNTYYASIAKAFAGDIANQLATDAVQILGGNGFNTEYPVEKLMRDAKIYQIYEGTSQIQRLIVAREHIDKYKN,MAAGFGRCCRVLRSISRFHWRSQHTKANRQREPGLGFSFEFTEQQKEFQATARKFAREEIIPVAAEYDKTGEYPVPLIRRAWELGLMNTHIPENCGGLGLGTFDACLISEELAYGCTGVQTAIEGNSLGQMPIIIAGNDQQKKKYLGRMTEEPLMCAYCVTEPGAGSDVAGIKTKAEKKGDEYIINGQKMWITNGGKANWYFLLARSDPDPKAPANKAFTGFIVEADTPGIQIGRKELNMGQRCSDTRGIVFEDVKVPKENVLIGDGAGFKVAMGAFDKTRPVVAAGAVGLAQRALDEATKYALERKTFGKLLVEHQAISFMLAEMAMKVELARMSYQRAAWEVDSGCRNTYYASIAKAFAGDIANQLATDAVQILGGNGFNTEYPVEKLMRDAKIYQIYEGTSQIQRLIVAREHIDKYKN,1
15,NP_000007.1:p.Tyr158His,NP_000007.1,158,421,Y,H,MAAGFGRCCRVLRSISRFHWRSQHTKANRQREPGLGFSFEFTEQQKEFQATARKFAREEIIPVAAEYDKTGEYPVPLIRRAWELGLMNTHIPENCGGLGLGTFDACLISEELAYGCTGVQTAIEGNSLGQMPIIIAGNDQQKKKYLGRMTEEPLMCAYCVTEPGAGSDVAGIKTKAEKKGDEYIINGQKMWITNGGKANWYFLLARSDPDPKAPANKAFTGFIVEADTPGIQIGRKELNMGQRCSDTRGIVFEDVKVPKENVLIGDGAGFKVAMGAFDKTRPVVAAGAVGLAQRALDEATKYALERKTFGKLLVEHQAISFMLAEMAMKVELARMSYQRAAWEVDSGRRNTYYASIAKAFAGDIANQLATDAVQILGGNGFNTEYPVEKLMRDAKIYQIYEGTSQIQRLIVAREHIDKYKN,MAAGFGRCCRVLRSISRFHWRSQHTKANRQREPGLGFSFEFTEQQKEFQATARKFAREEIIPVAAEYDKTGEYPVPLIRRAWELGLMNTHIPENCGGLGLGTFDACLISEELAYGCTGVQTAIEGNSLGQMPIIIAGNDQQKKKYLGRMTEEPLMCAHCVTEPGAGSDVAGIKTKAEKKGDEYIINGQKMWITNGGKANWYFLLARSDPDPKAPANKAFTGFIVEADTPGIQIGRKELNMGQRCSDTRGIVFEDVKVPKENVLIGDGAGFKVAMGAFDKTRPVVAAGAVGLAQRALDEATKYALERKTFGKLLVEHQAISFMLAEMAMKVELARMSYQRAAWEVDSGRRNTYYASIAKAFAGDIANQLATDAVQILGGNGFNTEYPVEKLMRDAKIYQIYEGTSQIQRLIVAREHIDKYKN,1
16,NP_000007.1:p.Tyr352Cys,NP_000007.1,352,421,Y,C,MAAGFGRCCRVLRSISRFHWRSQHTKANRQREPGLGFSFEFTEQQKEFQATARKFAREEIIPVAAEYDKTGEYPVPLIRRAWELGLMNTHIPENCGGLGLGTFDACLISEELAYGCTGVQTAIEGNSLGQMPIIIAGNDQQKKKYLGRMTEEPLMCAYCVTEPGAGSDVAGIKTKAEKKGDEYIINGQKMWITNGGKANWYFLLARSDPDPKAPANKAFTGFIVEADTPGIQIGRKELNMGQRCSDTRGIVFEDVKVPKENVLIGDGAGFKVAMGAFDKTRPVVAAGAVGLAQRALDEATKYALERKTFGKLLVEHQAISFMLAEMAMKVELARMSYQRAAWEVDSGRRNTYYASIAKAFAGDIANQLATDAVQILGGNGFNTEYPVEKLMRDAKIYQIYEGTSQIQRLIVAREHIDKYKN,MAAGFGRCCRVLRSISRFHWRSQHTKANRQREPGLGFSFEFTEQQKEFQATARKFAREEIIPVAAEYDKTGEYPVPLIRRAWELGLMNTHIPENCGGLGLGTFDACLISEELAYGCTGVQTAIEGNSLGQMPIIIAGNDQQKKKYLGRMTEEPLMCAYCVTEPGAGSDVAGIKTKAEKKGDEYIINGQKMWITNGGKANWYFLLARSDPDPKAPANKAFTGFIVEADTPGIQIGRKELNMGQRCSDTRGIVFEDVKVPKENVLIGDGAGFKVAMGAFDKTRPVVAAGAVGLAQRALDEATKYALERKTFGKLLVEHQAISFMLAEMAMKVELARMSYQRAAWEVDSGRRNTCYASIAKAFAGDIANQLATDAVQILGGNGFNTEYPVEKLMRDAKIYQIYEGTSQIQRLIVAREHIDKYKN,1
17,NP_000007.1:p.Tyr397Asn,NP_000007.1,397,421,Y,N,MAAGFGRCCRVLRSISRFHWRSQHTKANRQREPGLGFSFEFTEQQKEFQATARKFAREEIIPVAAEYDKTGEYPVPLIRRAWELGLMNTHIPENCGGLGLGTFDACLISEELAYGCTGVQTAIEGNSLGQMPIIIAGNDQQKKKYLGRMTEEPLMCAYCVTEPGAGSDVAGIKTKAEKKGDEYIINGQKMWITNGGKANWYFLLARSDPDPKAPANKAFTGFIVEADTPGIQIGRKELNMGQRCSDTRGIVFEDVKVPKENVLIGDGAGFKVAMGAFDKTRPVVAAGAVGLAQRALDEATKYALERKTFGKLLVEHQAISFMLAEMAMKVELARMSYQRAAWEVDSGRRNTYYASIAKAFAGDIANQLATDAVQILGGNGFNTEYPVEKLMRDAKIYQIYEGTSQIQRLIVAREHIDKYKN,MAAGFGRCCRVLRSISRFHWRSQHTKANRQREPGLGFSFEFTEQQKEFQATARKFAREEIIPVAAEYDKTGEYPVPLIRRAWELGLMNTHIPENCGGLGLGTFDACLISEELAYGCTGVQTAIEGNSLGQMPIIIAGNDQQKKKYLGRMTEEPLMCAYCVTEPGAGSDVAGIKTKAEKKGDEYIINGQKMWITNGGKANWYFLLARSDPDPKAPANKAFTGFIVEADTPGIQIGRKELNMGQRCSDTRGIVFEDVKVPKENVLIGDGAGFKVAMGAFDKTRPVVAAGAVGLAQRALDEATKYALERKTFGKLLVEHQAISFMLAEMAMKVELARMSYQRAAWEVDSGRRNTYYASIAKAFAGDIANQLATDAVQILGGNGFNTEYPVEKLMRDAKINQIYEGTSQIQRLIVAREHIDKYKN,1
18,NP_000007.1:p.Tyr397Ser,NP_000007.1,397,421,Y,S,MAAGFGRCCRVLRSISRFHWRSQHTKANRQREPGLGFSFEFTEQQKEFQATARKFAREEIIPVAAEYDKTGEYPVPLIRRAWELGLMNTHIPENCGGLGLGTFDACLISEELAYGCTGVQTAIEGNSLGQMPIIIAGNDQQKKKYLGRMTEEPLMCAYCVTEPGAGSDVAGIKTKAEKKGDEYIINGQKMWITNGGKANWYFLLARSDPDPKAPANKAFTGFIVEADTPGIQIGRKELNMGQRCSDTRGIVFEDVKVPKENVLIGDGAGFKVAMGAFDKTRPVVAAGAVGLAQRALDEATKYALERKTFGKLLVEHQAISFMLAEMAMKVELARMSYQRAAWEVDSGRRNTYYASIAKAFAGDIANQLATDAVQILGGNGFNTEYPVEKLMRDAKIYQIYEGTSQIQRLIVAREHIDKYKN,MAAGFGRCCRVLRSISRFHWRSQHTKANRQREPGLGFSFEFTEQQKEFQATARKFAREEIIPVAAEYDKTGEYPVPLIRRAWELGLMNTHIPENCGGLGLGTFDACLISEELAYGCTGVQTAIEGNSLGQMPIIIAGNDQQKKKYLGRMTEEPLMCAYCVTEPGAGSDVAGIKTKAEKKGDEYIINGQKMWITNGGKANWYFLLARSDPDPKAPANKAFTGFIVEADTPGIQIGRKELNMGQRCSDTRGIVFEDVKVPKENVLIGDGAGFKVAMGAFDKTRPVVAAGAVGLAQRALDEATKYALERKTFGKLLVEHQAISFMLAEMAMKVELARMSYQRAAWEVDSGRRNTYYASIAKAFAGDIANQLATDAVQILGGNGFNTEYPVEKLMRDAKISQIYEGTSQIQRLIVAREHIDKYKN,1
19,NP_000095.2:p.Leu487Pro,NP_000095.2,487,543,L,P,MGTSLSPNDPWPLNPLSIQQTTLLLLLSVLATVHVGQRLLRQRRRQLRSAPPGPFAWPLIGNAAAVGQAAHLSFARLARRYGDVFQIRLGSCPIVVLNGERAIHQALVQQGSAFADRPAFASFRVVSGGRSMAFGHYSEHWKVQRRAAHSMMRNFFTRQPRSRQVLEGHVLSEARELVALLVRGSADGAFLDPRPLTVVAVANVMSAVCFGCRYSHDDPEFRELLSHNEEFGRTVGAGSLVDVMPWLQYFPNPVRTVFREFEQLNRNFSNFILDKFLRHCESLRPGAAPRDMMDAFILSAEKKAAGDSHGGGARLDLENVPATITDIFGASQDTLSTALQWLLLLFTRYPDVQTRVQAELDQVVGRDRLPCMGDQPNLPYVLAFLYEAMRFSSFVPVTIPHATTANTSVLGYHIPKDTVVFVNQWSVNHDPLKWPNPENFDPARFLDKDGLINKDLTSRVMIFSVGKRRCIGEELSKMQLFLFISILAHQCDFRANPNEPAKMNFSYGLTIKPKSFKVNVTLRESMELLDSAVQNLQAKETCQ,MGTSLSPNDPWPLNPLSIQQTTLLLLLSVLATVHVGQRLLRQRRRQLRSAPPGPFAWPLIGNAAAVGQAAHLSFARLARRYGDVFQIRLGSCPIVVLNGERAIHQALVQQGSAFADRPAFASFRVVSGGRSMAFGHYSEHWKVQRRAAHSMMRNFFTRQPRSRQVLEGHVLSEARELVALLVRGSADGAFLDPRPLTVVAVANVMSAVCFGCRYSHDDPEFRELLSHNEEFGRTVGAGSLVDVMPWLQYFPNPVRTVFREFEQLNRNFSNFILDKFLRHCESLRPGAAPRDMMDAFILSAEKKAAGDSHGGGARLDLENVPATITDIFGASQDTLSTALQWLLLLFTRYPDVQTRVQAELDQVVGRDRLPCMGDQPNLPYVLAFLYEAMRFSSFVPVTIPHATTANTSVLGYHIPKDTVVFVNQWSVNHDPLKWPNPENFDPARFLDKDGLINKDLTSRVMIFSVGKRRCIGEELSKMQLFLFISIPAHQCDFRANPNEPAKMNFSYGLTIKPKSFKVNVTLRESMELLDSAVQNLQAKETCQ,1
20,NP_000095.2:p.Arg444Gln,NP_000095.2,444,543,R,Q,MGTSLSPNDPWPLNPLSIQQTTLLLLLSVLATVHVGQRLLRQRRRQLRSAPPGPFAWPLIGNAAAVGQAAHLSFARLARRYGDVFQIRLGSCPIVVLNGERAIHQALVQQGSAFADRPAFASFRVVSGGRSMAFGHYSEHWKVQRRAAHSMMRNFFTRQPRSRQVLEGHVLSEARELVALLVRGSADGAFLDPRPLTVVAVANVMSAVCFGCRYSHDDPEFRELLSHNEEFGRTVGAGSLVDVMPWLQYFPNPVRTVFREFEQLNRNFSNFILDKFLRHCESLRPGAAPRDMMDAFILSAEKKAAGDSHGGGARLDLENVPATITDIFGASQDTLSTALQWLLLLFTRYPDVQTRVQAELDQVVGRDRLPCMGDQPNLPYVLAFLYEAMRFSSFVPVTIPHATTANTSVLGYHIPKDTVVFVNQWSVNHDPLKWPNPENFDPARFLDKDGLINKDLTSRVMIFSVGKRRCIGEELSKMQLFLFISILAHQCDFRANPNEPAKMNFSYGLTIKPKSFKVNVTLRESMELLDSAVQNLQAKETCQ,MGTSLSPNDPWPLNPLSIQQTTLLLLLSVLATVHVGQRLLRQRRRQLRSAPPGPFAWPLIGNAAAVGQAAHLSFARLARRYGDVFQIRLGSCPIVVLNGERAIHQALVQQGSAFADRPAFASFRVVSGGRSMAFGHYSEHWKVQRRAAHSMMRNFFTRQPRSRQVLEGHVLSEARELVALLVRGSADGAFLDPRPLTVVAVANVMSAVCFGCRYSHDDPEFRELLSHNEEFGRTVGAGSLVDVMPWLQYFPNPVRTVFREFEQLNRNFSNFILDKFLRHCESLRPGAAPRDMMDAFILSAEKKAAGDSHGGGARLDLENVPATITDIFGASQDTLSTALQWLLLLFTRYPDVQTRVQAELDQVVGRDRLPCMGDQPNLPYVLAFLYEAMRFSSFVPVTIPHATTANTSVLGYHIPKDTVVFVNQWSVNHDPLKWPNPENFDPAQFLDKDGLINKDLTSRVMIFSVGKRRCIGEELSKMQLFLFISILAHQCDFRANPNEPAKMNFSYGLTIKPKSFKVNVTLRESMELLDSAVQNLQAKETCQ,1
21,NP_000112.1:p.Ser486Pro,NP_000112.1,486,508,S,P,MDHLGASLWPQVGSLCLLLAGAAWAPPPNLPDPKFESKAALLAARGPEELLCFTERLEDLVCFWEEAASAGVGPGNYSFSYQLEDEPWKLCRLHQAPTARGAVRFWCSLPTADTSSFVPLELRVTAASGAPRYHRVIHINEVVLLDAPVGLVARLADESGHVVLRWLPPPETPMTSHIRYEVDVSAGNGAGSVQRVEILEGRTECVLSNLRGRTRYTFAVRARMAEPSFGGFWSAWSEPVSLLTPSDLDPLILTLSLILVVILVLLTVLALLSHRRALKQKIWPGIPSPESEFEGLFTTHKGNFQLWLYQNDGCLWWSPCTPFTEDPPASLEVLSERCWGTMQAVEPGTDDEGPLLEPVGSEHAQDTYLVLDKWLLPRNPPSEDLPGPGGSVDIVAMDEGSEASSCSSALASKPSPEGASAASFEYTILDPSSQLLRPWTLCPELPPTPPHLKYLYLVVSDSGISTDYSSGDSQGAQGGLSDGPYSNPYENSLIPAAEPLPPSYVACS,MDHLGASLWPQVGSLCLLLAGAAWAPPPNLPDPKFESKAALLAARGPEELLCFTERLEDLVCFWEEAASAGVGPGNYSFSYQLEDEPWKLCRLHQAPTARGAVRFWCSLPTADTSSFVPLELRVTAASGAPRYHRVIHINEVVLLDAPVGLVARLADESGHVVLRWLPPPETPMTSHIRYEVDVSAGNGAGSVQRVEILEGRTECVLSNLRGRTRYTFAVRARMAEPSFGGFWSAWSEPVSLLTPSDLDPLILTLSLILVVILVLLTVLALLSHRRALKQKIWPGIPSPESEFEGLFTTHKGNFQLWLYQNDGCLWWSPCTPFTEDPPASLEVLSERCWGTMQAVEPGTDDEGPLLEPVGSEHAQDTYLVLDKWLLPRNPPSEDLPGPGGSVDIVAMDEGSEASSCSSALASKPSPEGASAASFEYTILDPSSQLLRPWTLCPELPPTPPHLKYLYLVVSDSGISTDYSSGDSQGAQGGLSDGPYPNPYENSLIPAAEPLPPSYVACS,0
22,NP_000114.2:p.Glu934Lys,NP_000114.2,934,1186,E,K,MGVQGLWKLLECSGRQVSPEALEGKILAVDISIWLNQALKGVRDRHGNSIENPHLLTLFHRLCKLLFFRIRPIFVFDGDAPLLKKQTLVKRRQRKDLASSDSRKTTEKLLKTFLKRQAIKTAFRSKRDEALPSLTQVRRENDLYVLPPLQEEEKHSSEEEDEKEWQERMNQKQALQEEFFHNPQAIDIESEDFSSLPPEVKHEILTDMKEFTKRRRTLFEAMPEESDDFSQYQLKGLLKKNYLNQHIEHVQKEMNQQHSGHIRRQYEDEGGFLKEVESRRVVSEDTSHYILIKGIQAKTVAEVDSESLPSSSKMHGMSFDVKSSPCEKLKTEKEPDATPPSPRTLLAMQAALLGSSSEEELESENRRQARGRNAPAAVDEGSISPRTLSAIKRALDDDEDVKVCAGDDVQTGGPGAEEMRINSSTENSDEGLKVRDGKGIPFTATLASSSVNSAEEHVASTNEGREPTDSVPKEQMSLVHVGTEAFPISDESMIKDRKDRLPLESAVVRHSDAPGLPNGRELTPASPTCTNSVSKNETHAEVLEQQNELCPYESKFDSSLLSSDDETKCKPNSASEVIGPVSLQETSSIVSVPSEAVDNVENVVSFNAKEHENFLETIQEQQTTESAGQDLISIPKAVEPMEIDSEESESDGSFIEVQSVISDEELQAEFPETSKPPSEQGEEELVGTREGEAPAESESLLRDNSERDDVDGEPQEAEKDAEDSLHEWQDINLEELETLESNLLAQQNSLKAQKQQQERIAATVTGQMFLESQELLRLFGIPYIQAPMEAEAQCAILDLTDQTSGTITDDSDIWLFGARHVYRNFFNKNKFVEYYQYVDFHNQLGLDRNKLINLAYLLGSDYTEGIPTVGCVTAMEILNEFPGHGLEPLLKFSEWWHEAQKNPKIRPNPHDTKVKKKLRTLQLTPGFPNPAVAEAYLKPVVDDSKGSFLWGKPDLDKIREFCQRYFGWNRTKTDESLFPVLKQLDAQQTQLRIDSFFRLAQQEKEDAKRIKSQRLNRAVTCMLRKEKEAAASEIEAVSVAMEKEFELLDKAKRKTQKRGITNTLEESSSLKRKRLSDSKRKNTCGGFLGETCLSESSDGSSSEDAESSSLMNVQRRTAAKEPKTSASDSQNSVKEAPVKNGGATTSSSSDSDDDGGKEKMVLVTARSVFGKKRRKLRRARGRKRKT,MGVQGLWKLLECSGRQVSPEALEGKILAVDISIWLNQALKGVRDRHGNSIENPHLLTLFHRLCKLLFFRIRPIFVFDGDAPLLKKQTLVKRRQRKDLASSDSRKTTEKLLKTFLKRQAIKTAFRSKRDEALPSLTQVRRENDLYVLPPLQEEEKHSSEEEDEKEWQERMNQKQALQEEFFHNPQAIDIESEDFSSLPPEVKHEILTDMKEFTKRRRTLFEAMPEESDDFSQYQLKGLLKKNYLNQHIEHVQKEMNQQHSGHIRRQYEDEGGFLKEVESRRVVSEDTSHYILIKGIQAKTVAEVDSESLPSSSKMHGMSFDVKSSPCEKLKTEKEPDATPPSPRTLLAMQAALLGSSSEEELESENRRQARGRNAPAAVDEGSISPRTLSAIKRALDDDEDVKVCAGDDVQTGGPGAEEMRINSSTENSDEGLKVRDGKGIPFTATLASSSVNSAEEHVASTNEGREPTDSVPKEQMSLVHVGTEAFPISDESMIKDRKDRLPLESAVVRHSDAPGLPNGRELTPASPTCTNSVSKNETHAEVLEQQNELCPYESKFDSSLLSSDDETKCKPNSASEVIGPVSLQETSSIVSVPSEAVDNVENVVSFNAKEHENFLETIQEQQTTESAGQDLISIPKAVEPMEIDSEESESDGSFIEVQSVISDEELQAEFPETSKPPSEQGEEELVGTREGEAPAESESLLRDNSERDDVDGEPQEAEKDAEDSLHEWQDINLEELETLESNLLAQQNSLKAQKQQQERIAATVTGQMFLESQELLRLFGIPYIQAPMEAEAQCAILDLTDQTSGTITDDSDIWLFGARHVYRNFFNKNKFVEYYQYVDFHNQLGLDRNKLINLAYLLGSDYTEGIPTVGCVTAMEILNEFPGHGLEPLLKFSEWWHEAQKNPKIRPNPHDTKVKKKLRTLQLTPGFPNPAVAKAYLKPVVDDSKGSFLWGKPDLDKIREFCQRYFGWNRTKTDESLFPVLKQLDAQQTQLRIDSFFRLAQQEKEDAKRIKSQRLNRAVTCMLRKEKEAAASEIEAVSVAMEKEFELLDKAKRKTQKRGITNTLEESSSLKRKRLSDSKRKNTCGGFLGETCLSESSDGSSSEDAESSSLMNVQRRTAAKEPKTSASDSQNSVKEAPVKNGGATTSSSSDSDDDGGKEKMVLVTARSVFGKKRRKLRRARGRKRKT,0
23,NP_000114.2:p.Gly805Arg,NP_000114.2,805,1186,G,R,MGVQGLWKLLECSGRQVSPEALEGKILAVDISIWLNQALKGVRDRHGNSIENPHLLTLFHRLCKLLFFRIRPIFVFDGDAPLLKKQTLVKRRQRKDLASSDSRKTTEKLLKTFLKRQAIKTAFRSKRDEALPSLTQVRRENDLYVLPPLQEEEKHSSEEEDEKEWQERMNQKQALQEEFFHNPQAIDIESEDFSSLPPEVKHEILTDMKEFTKRRRTLFEAMPEESDDFSQYQLKGLLKKNYLNQHIEHVQKEMNQQHSGHIRRQYEDEGGFLKEVESRRVVSEDTSHYILIKGIQAKTVAEVDSESLPSSSKMHGMSFDVKSSPCEKLKTEKEPDATPPSPRTLLAMQAALLGSSSEEELESENRRQARGRNAPAAVDEGSISPRTLSAIKRALDDDEDVKVCAGDDVQTGGPGAEEMRINSSTENSDEGLKVRDGKGIPFTATLASSSVNSAEEHVASTNEGREPTDSVPKEQMSLVHVGTEAFPISDESMIKDRKDRLPLESAVVRHSDAPGLPNGRELTPASPTCTNSVSKNETHAEVLEQQNELCPYESKFDSSLLSSDDETKCKPNSASEVIGPVSLQETSSIVSVPSEAVDNVENVVSFNAKEHENFLETIQEQQTTESAGQDLISIPKAVEPMEIDSEESESDGSFIEVQSVISDEELQAEFPETSKPPSEQGEEELVGTREGEAPAESESLLRDNSERDDVDGEPQEAEKDAEDSLHEWQDINLEELETLESNLLAQQNSLKAQKQQQERIAATVTGQMFLESQELLRLFGIPYIQAPMEAEAQCAILDLTDQTSGTITDDSDIWLFGARHVYRNFFNKNKFVEYYQYVDFHNQLGLDRNKLINLAYLLGSDYTEGIPTVGCVTAMEILNEFPGHGLEPLLKFSEWWHEAQKNPKIRPNPHDTKVKKKLRTLQLTPGFPNPAVAEAYLKPVVDDSKGSFLWGKPDLDKIREFCQRYFGWNRTKTDESLFPVLKQLDAQQTQLRIDSFFRLAQQEKEDAKRIKSQRLNRAVTCMLRKEKEAAASEIEAVSVAMEKEFELLDKAKRKTQKRGITNTLEESSSLKRKRLSDSKRKNTCGGFLGETCLSESSDGSSSEDAESSSLMNVQRRTAAKEPKTSASDSQNSVKEAPVKNGGATTSSSSDSDDDGGKEKMVLVTARSVFGKKRRKLRRARGRKRKT,MGVQGLWKLLECSGRQVSPEALEGKILAVDISIWLNQALKGVRDRHGNSIENPHLLTLFHRLCKLLFFRIRPIFVFDGDAPLLKKQTLVKRRQRKDLASSDSRKTTEKLLKTFLKRQAIKTAFRSKRDEALPSLTQVRRENDLYVLPPLQEEEKHSSEEEDEKEWQERMNQKQALQEEFFHNPQAIDIESEDFSSLPPEVKHEILTDMKEFTKRRRTLFEAMPEESDDFSQYQLKGLLKKNYLNQHIEHVQKEMNQQHSGHIRRQYEDEGGFLKEVESRRVVSEDTSHYILIKGIQAKTVAEVDSESLPSSSKMHGMSFDVKSSPCEKLKTEKEPDATPPSPRTLLAMQAALLGSSSEEELESENRRQARGRNAPAAVDEGSISPRTLSAIKRALDDDEDVKVCAGDDVQTGGPGAEEMRINSSTENSDEGLKVRDGKGIPFTATLASSSVNSAEEHVASTNEGREPTDSVPKEQMSLVHVGTEAFPISDESMIKDRKDRLPLESAVVRHSDAPGLPNGRELTPASPTCTNSVSKNETHAEVLEQQNELCPYESKFDSSLLSSDDETKCKPNSASEVIGPVSLQETSSIVSVPSEAVDNVENVVSFNAKEHENFLETIQEQQTTESAGQDLISIPKAVEPMEIDSEESESDGSFIEVQSVISDEELQAEFPETSKPPSEQGEEELVGTREGEAPAESESLLRDNSERDDVDGEPQEAEKDAEDSLHEWQDINLEELETLESNLLAQQNSLKAQKQQQERIAATVTGQMFLESQELLRLFGIPYIQAPMEAEAQCAILDLTDQTSRTITDDSDIWLFGARHVYRNFFNKNKFVEYYQYVDFHNQLGLDRNKLINLAYLLGSDYTEGIPTVGCVTAMEILNEFPGHGLEPLLKFSEWWHEAQKNPKIRPNPHDTKVKKKLRTLQLTPGFPNPAVAEAYLKPVVDDSKGSFLWGKPDLDKIREFCQRYFGWNRTKTDESLFPVLKQLDAQQTQLRIDSFFRLAQQEKEDAKRIKSQRLNRAVTCMLRKEKEAAASEIEAVSVAMEKEFELLDKAKRKTQKRGITNTLEESSSLKRKRLSDSKRKNTCGGFLGETCLSESSDGSSSEDAESSSLMNVQRRTAAKEPKTSASDSQNSVKEAPVKNGGATTSSSSDSDDDGGKEKMVLVTARSVFGKKRRKLRRARGRKRKT,1
24,NP_000114.2:p.Ile26Val,NP_000114.2,26,1186,I,V,MGVQGLWKLLECSGRQVSPEALEGKILAVDISIWLNQALKGVRDRHGNSIENPHLLTLFHRLCKLLFFRIRPIFVFDGDAPLLKKQTLVKRRQRKDLASSDSRKTTEKLLKTFLKRQAIKTAFRSKRDEALPSLTQVRRENDLYVLPPLQEEEKHSSEEEDEKEWQERMNQKQALQEEFFHNPQAIDIESEDFSSLPPEVKHEILTDMKEFTKRRRTLFEAMPEESDDFSQYQLKGLLKKNYLNQHIEHVQKEMNQQHSGHIRRQYEDEGGFLKEVESRRVVSEDTSHYILIKGIQAKTVAEVDSESLPSSSKMHGMSFDVKSSPCEKLKTEKEPDATPPSPRTLLAMQAALLGSSSEEELESENRRQARGRNAPAAVDEGSISPRTLSAIKRALDDDEDVKVCAGDDVQTGGPGAEEMRINSSTENSDEGLKVRDGKGIPFTATLASSSVNSAEEHVASTNEGREPTDSVPKEQMSLVHVGTEAFPISDESMIKDRKDRLPLESAVVRHSDAPGLPNGRELTPASPTCTNSVSKNETHAEVLEQQNELCPYESKFDSSLLSSDDETKCKPNSASEVIGPVSLQETSSIVSVPSEAVDNVENVVSFNAKEHENFLETIQEQQTTESAGQDLISIPKAVEPMEIDSEESESDGSFIEVQSVISDEELQAEFPETSKPPSEQGEEELVGTREGEAPAESESLLRDNSERDDVDGEPQEAEKDAEDSLHEWQDINLEELETLESNLLAQQNSLKAQKQQQERIAATVTGQMFLESQELLRLFGIPYIQAPMEAEAQCAILDLTDQTSGTITDDSDIWLFGARHVYRNFFNKNKFVEYYQYVDFHNQLGLDRNKLINLAYLLGSDYTEGIPTVGCVTAMEILNEFPGHGLEPLLKFSEWWHEAQKNPKIRPNPHDTKVKKKLRTLQLTPGFPNPAVAEAYLKPVVDDSKGSFLWGKPDLDKIREFCQRYFGWNRTKTDESLFPVLKQLDAQQTQLRIDSFFRLAQQEKEDAKRIKSQRLNRAVTCMLRKEKEAAASEIEAVSVAMEKEFELLDKAKRKTQKRGITNTLEESSSLKRKRLSDSKRKNTCGGFLGETCLSESSDGSSSEDAESSSLMNVQRRTAAKEPKTSASDSQNSVKEAPVKNGGATTSSSSDSDDDGGKEKMVLVTARSVFGKKRRKLRRARGRKRKT,MGVQGLWKLLECSGRQVSPEALEGKVLAVDISIWLNQALKGVRDRHGNSIENPHLLTLFHRLCKLLFFRIRPIFVFDGDAPLLKKQTLVKRRQRKDLASSDSRKTTEKLLKTFLKRQAIKTAFRSKRDEALPSLTQVRRENDLYVLPPLQEEEKHSSEEEDEKEWQERMNQKQALQEEFFHNPQAIDIESEDFSSLPPEVKHEILTDMKEFTKRRRTLFEAMPEESDDFSQYQLKGLLKKNYLNQHIEHVQKEMNQQHSGHIRRQYEDEGGFLKEVESRRVVSEDTSHYILIKGIQAKTVAEVDSESLPSSSKMHGMSFDVKSSPCEKLKTEKEPDATPPSPRTLLAMQAALLGSSSEEELESENRRQARGRNAPAAVDEGSISPRTLSAIKRALDDDEDVKVCAGDDVQTGGPGAEEMRINSSTENSDEGLKVRDGKGIPFTATLASSSVNSAEEHVASTNEGREPTDSVPKEQMSLVHVGTEAFPISDESMIKDRKDRLPLESAVVRHSDAPGLPNGRELTPASPTCTNSVSKNETHAEVLEQQNELCPYESKFDSSLLSSDDETKCKPNSASEVIGPVSLQETSSIVSVPSEAVDNVENVVSFNAKEHENFLETIQEQQTTESAGQDLISIPKAVEPMEIDSEESESDGSFIEVQSVISDEELQAEFPETSKPPSEQGEEELVGTREGEAPAESESLLRDNSERDDVDGEPQEAEKDAEDSLHEWQDINLEELETLESNLLAQQNSLKAQKQQQERIAATVTGQMFLESQELLRLFGIPYIQAPMEAEAQCAILDLTDQTSGTITDDSDIWLFGARHVYRNFFNKNKFVEYYQYVDFHNQLGLDRNKLINLAYLLGSDYTEGIPTVGCVTAMEILNEFPGHGLEPLLKFSEWWHEAQKNPKIRPNPHDTKVKKKLRTLQLTPGFPNPAVAEAYLKPVVDDSKGSFLWGKPDLDKIREFCQRYFGWNRTKTDESLFPVLKQLDAQQTQLRIDSFFRLAQQEKEDAKRIKSQRLNRAVTCMLRKEKEAAASEIEAVSVAMEKEFELLDKAKRKTQKRGITNTLEESSSLKRKRLSDSKRKNTCGGFLGETCLSESSDGSSSEDAESSSLMNVQRRTAAKEPKTSASDSQNSVKEAPVKNGGATTSSSSDSDDDGGKEKMVLVTARSVFGKKRRKLRRARGRKRKT,0
25,NP_000114.2:p.Gln1013Arg,NP_000114.2,1013,1186,Q,R,MGVQGLWKLLECSGRQVSPEALEGKILAVDISIWLNQALKGVRDRHGNSIENPHLLTLFHRLCKLLFFRIRPIFVFDGDAPLLKKQTLVKRRQRKDLASSDSRKTTEKLLKTFLKRQAIKTAFRSKRDEALPSLTQVRRENDLYVLPPLQEEEKHSSEEEDEKEWQERMNQKQALQEEFFHNPQAIDIESEDFSSLPPEVKHEILTDMKEFTKRRRTLFEAMPEESDDFSQYQLKGLLKKNYLNQHIEHVQKEMNQQHSGHIRRQYEDEGGFLKEVESRRVVSEDTSHYILIKGIQAKTVAEVDSESLPSSSKMHGMSFDVKSSPCEKLKTEKEPDATPPSPRTLLAMQAALLGSSSEEELESENRRQARGRNAPAAVDEGSISPRTLSAIKRALDDDEDVKVCAGDDVQTGGPGAEEMRINSSTENSDEGLKVRDGKGIPFTATLASSSVNSAEEHVASTNEGREPTDSVPKEQMSLVHVGTEAFPISDESMIKDRKDRLPLESAVVRHSDAPGLPNGRELTPASPTCTNSVSKNETHAEVLEQQNELCPYESKFDSSLLSSDDETKCKPNSASEVIGPVSLQETSSIVSVPSEAVDNVENVVSFNAKEHENFLETIQEQQTTESAGQDLISIPKAVEPMEIDSEESESDGSFIEVQSVISDEELQAEFPETSKPPSEQGEEELVGTREGEAPAESESLLRDNSERDDVDGEPQEAEKDAEDSLHEWQDINLEELETLESNLLAQQNSLKAQKQQQERIAATVTGQMFLESQELLRLFGIPYIQAPMEAEAQCAILDLTDQTSGTITDDSDIWLFGARHVYRNFFNKNKFVEYYQYVDFHNQLGLDRNKLINLAYLLGSDYTEGIPTVGCVTAMEILNEFPGHGLEPLLKFSEWWHEAQKNPKIRPNPHDTKVKKKLRTLQLTPGFPNPAVAEAYLKPVVDDSKGSFLWGKPDLDKIREFCQRYFGWNRTKTDESLFPVLKQLDAQQTQLRIDSFFRLAQQEKEDAKRIKSQRLNRAVTCMLRKEKEAAASEIEAVSVAMEKEFELLDKAKRKTQKRGITNTLEESSSLKRKRLSDSKRKNTCGGFLGETCLSESSDGSSSEDAESSSLMNVQRRTAAKEPKTSASDSQNSVKEAPVKNGGATTSSSSDSDDDGGKEKMVLVTARSVFGKKRRKLRRARGRKRKT,MGVQGLWKLLECSGRQVSPEALEGKILAVDISIWLNQALKGVRDRHGNSIENPHLLTLFHRLCKLLFFRIRPIFVFDGDAPLLKKQTLVKRRQRKDLASSDSRKTTEKLLKTFLKRQAIKTAFRSKRDEALPSLTQVRRENDLYVLPPLQEEEKHSSEEEDEKEWQERMNQKQALQEEFFHNPQAIDIESEDFSSLPPEVKHEILTDMKEFTKRRRTLFEAMPEESDDFSQYQLKGLLKKNYLNQHIEHVQKEMNQQHSGHIRRQYEDEGGFLKEVESRRVVSEDTSHYILIKGIQAKTVAEVDSESLPSSSKMHGMSFDVKSSPCEKLKTEKEPDATPPSPRTLLAMQAALLGSSSEEELESENRRQARGRNAPAAVDEGSISPRTLSAIKRALDDDEDVKVCAGDDVQTGGPGAEEMRINSSTENSDEGLKVRDGKGIPFTATLASSSVNSAEEHVASTNEGREPTDSVPKEQMSLVHVGTEAFPISDESMIKDRKDRLPLESAVVRHSDAPGLPNGRELTPASPTCTNSVSKNETHAEVLEQQNELCPYESKFDSSLLSSDDETKCKPNSASEVIGPVSLQETSSIVSVPSEAVDNVENVVSFNAKEHENFLETIQEQQTTESAGQDLISIPKAVEPMEIDSEESESDGSFIEVQSVISDEELQAEFPETSKPPSEQGEEELVGTREGEAPAESESLLRDNSERDDVDGEPQEAEKDAEDSLHEWQDINLEELETLESNLLAQQNSLKAQKQQQERIAATVTGQMFLESQELLRLFGIPYIQAPMEAEAQCAILDLTDQTSGTITDDSDIWLFGARHVYRNFFNKNKFVEYYQYVDFHNQLGLDRNKLINLAYLLGSDYTEGIPTVGCVTAMEILNEFPGHGLEPLLKFSEWWHEAQKNPKIRPNPHDTKVKKKLRTLQLTPGFPNPAVAEAYLKPVVDDSKGSFLWGKPDLDKIREFCQRYFGWNRTKTDESLFPVLKQLDAQQTQLRIDSFFRLAQQEKEDAKRIKSRRLNRAVTCMLRKEKEAAASEIEAVSVAMEKEFELLDKAKRKTQKRGITNTLEESSSLKRKRLSDSKRKNTCGGFLGETCLSESSDGSSSEDAESSSLMNVQRRTAAKEPKTSASDSQNSVKEAPVKNGGATTSSSSDSDDDGGKEKMVLVTARSVFGKKRRKLRRARGRKRKT,0
26,NP_000114.2:p.Arg1080Gln,NP_000114.2,1080,1186,R,Q,MGVQGLWKLLECSGRQVSPEALEGKILAVDISIWLNQALKGVRDRHGNSIENPHLLTLFHRLCKLLFFRIRPIFVFDGDAPLLKKQTLVKRRQRKDLASSDSRKTTEKLLKTFLKRQAIKTAFRSKRDEALPSLTQVRRENDLYVLPPLQEEEKHSSEEEDEKEWQERMNQKQALQEEFFHNPQAIDIESEDFSSLPPEVKHEILTDMKEFTKRRRTLFEAMPEESDDFSQYQLKGLLKKNYLNQHIEHVQKEMNQQHSGHIRRQYEDEGGFLKEVESRRVVSEDTSHYILIKGIQAKTVAEVDSESLPSSSKMHGMSFDVKSSPCEKLKTEKEPDATPPSPRTLLAMQAALLGSSSEEELESENRRQARGRNAPAAVDEGSISPRTLSAIKRALDDDEDVKVCAGDDVQTGGPGAEEMRINSSTENSDEGLKVRDGKGIPFTATLASSSVNSAEEHVASTNEGREPTDSVPKEQMSLVHVGTEAFPISDESMIKDRKDRLPLESAVVRHSDAPGLPNGRELTPASPTCTNSVSKNETHAEVLEQQNELCPYESKFDSSLLSSDDETKCKPNSASEVIGPVSLQETSSIVSVPSEAVDNVENVVSFNAKEHENFLETIQEQQTTESAGQDLISIPKAVEPMEIDSEESESDGSFIEVQSVISDEELQAEFPETSKPPSEQGEEELVGTREGEAPAESESLLRDNSERDDVDGEPQEAEKDAEDSLHEWQDINLEELETLESNLLAQQNSLKAQKQQQERIAATVTGQMFLESQELLRLFGIPYIQAPMEAEAQCAILDLTDQTSGTITDDSDIWLFGARHVYRNFFNKNKFVEYYQYVDFHNQLGLDRNKLINLAYLLGSDYTEGIPTVGCVTAMEILNEFPGHGLEPLLKFSEWWHEAQKNPKIRPNPHDTKVKKKLRTLQLTPGFPNPAVAEAYLKPVVDDSKGSFLWGKPDLDKIREFCQRYFGWNRTKTDESLFPVLKQLDAQQTQLRIDSFFRLAQQEKEDAKRIKSQRLNRAVTCMLRKEKEAAASEIEAVSVAMEKEFELLDKAKRKTQKRGITNTLEESSSLKRKRLSDSKRKNTCGGFLGETCLSESSDGSSSEDAESSSLMNVQRRTAAKEPKTSASDSQNSVKEAPVKNGGATTSSSSDSDDDGGKEKMVLVTARSVFGKKRRKLRRARGRKRKT,MGVQGLWKLLECSGRQVSPEALEGKILAVDISIWLNQALKGVRDRHGNSIENPHLLTLFHRLCKLLFFRIRPIFVFDGDAPLLKKQTLVKRRQRKDLASSDSRKTTEKLLKTFLKRQAIKTAFRSKRDEALPSLTQVRRENDLYVLPPLQEEEKHSSEEEDEKEWQERMNQKQALQEEFFHNPQAIDIESEDFSSLPPEVKHEILTDMKEFTKRRRTLFEAMPEESDDFSQYQLKGLLKKNYLNQHIEHVQKEMNQQHSGHIRRQYEDEGGFLKEVESRRVVSEDTSHYILIKGIQAKTVAEVDSESLPSSSKMHGMSFDVKSSPCEKLKTEKEPDATPPSPRTLLAMQAALLGSSSEEELESENRRQARGRNAPAAVDEGSISPRTLSAIKRALDDDEDVKVCAGDDVQTGGPGAEEMRINSSTENSDEGLKVRDGKGIPFTATLASSSVNSAEEHVASTNEGREPTDSVPKEQMSLVHVGTEAFPISDESMIKDRKDRLPLESAVVRHSDAPGLPNGRELTPASPTCTNSVSKNETHAEVLEQQNELCPYESKFDSSLLSSDDETKCKPNSASEVIGPVSLQETSSIVSVPSEAVDNVENVVSFNAKEHENFLETIQEQQTTESAGQDLISIPKAVEPMEIDSEESESDGSFIEVQSVISDEELQAEFPETSKPPSEQGEEELVGTREGEAPAESESLLRDNSERDDVDGEPQEAEKDAEDSLHEWQDINLEELETLESNLLAQQNSLKAQKQQQERIAATVTGQMFLESQELLRLFGIPYIQAPMEAEAQCAILDLTDQTSGTITDDSDIWLFGARHVYRNFFNKNKFVEYYQYVDFHNQLGLDRNKLINLAYLLGSDYTEGIPTVGCVTAMEILNEFPGHGLEPLLKFSEWWHEAQKNPKIRPNPHDTKVKKKLRTLQLTPGFPNPAVAEAYLKPVVDDSKGSFLWGKPDLDKIREFCQRYFGWNRTKTDESLFPVLKQLDAQQTQLRIDSFFRLAQQEKEDAKRIKSQRLNRAVTCMLRKEKEAAASEIEAVSVAMEKEFELLDKAKRKTQKRGITNTLEESSSLKRKRLSDSKQKNTCGGFLGETCLSESSDGSSSEDAESSSLMNVQRRTAAKEPKTSASDSQNSVKEAPVKNGGATTSSSSDSDDDGGKEKMVLVTARSVFGKKRRKLRRARGRKRKT,0
27,NP_000114.2:p.Val590Ile,NP_000114.2,590,1186,V,I,MGVQGLWKLLECSGRQVSPEALEGKILAVDISIWLNQALKGVRDRHGNSIENPHLLTLFHRLCKLLFFRIRPIFVFDGDAPLLKKQTLVKRRQRKDLASSDSRKTTEKLLKTFLKRQAIKTAFRSKRDEALPSLTQVRRENDLYVLPPLQEEEKHSSEEEDEKEWQERMNQKQALQEEFFHNPQAIDIESEDFSSLPPEVKHEILTDMKEFTKRRRTLFEAMPEESDDFSQYQLKGLLKKNYLNQHIEHVQKEMNQQHSGHIRRQYEDEGGFLKEVESRRVVSEDTSHYILIKGIQAKTVAEVDSESLPSSSKMHGMSFDVKSSPCEKLKTEKEPDATPPSPRTLLAMQAALLGSSSEEELESENRRQARGRNAPAAVDEGSISPRTLSAIKRALDDDEDVKVCAGDDVQTGGPGAEEMRINSSTENSDEGLKVRDGKGIPFTATLASSSVNSAEEHVASTNEGREPTDSVPKEQMSLVHVGTEAFPISDESMIKDRKDRLPLESAVVRHSDAPGLPNGRELTPASPTCTNSVSKNETHAEVLEQQNELCPYESKFDSSLLSSDDETKCKPNSASEVIGPVSLQETSSIVSVPSEAVDNVENVVSFNAKEHENFLETIQEQQTTESAGQDLISIPKAVEPMEIDSEESESDGSFIEVQSVISDEELQAEFPETSKPPSEQGEEELVGTREGEAPAESESLLRDNSERDDVDGEPQEAEKDAEDSLHEWQDINLEELETLESNLLAQQNSLKAQKQQQERIAATVTGQMFLESQELLRLFGIPYIQAPMEAEAQCAILDLTDQTSGTITDDSDIWLFGARHVYRNFFNKNKFVEYYQYVDFHNQLGLDRNKLINLAYLLGSDYTEGIPTVGCVTAMEILNEFPGHGLEPLLKFSEWWHEAQKNPKIRPNPHDTKVKKKLRTLQLTPGFPNPAVAEAYLKPVVDDSKGSFLWGKPDLDKIREFCQRYFGWNRTKTDESLFPVLKQLDAQQTQLRIDSFFRLAQQEKEDAKRIKSQRLNRAVTCMLRKEKEAAASEIEAVSVAMEKEFELLDKAKRKTQKRGITNTLEESSSLKRKRLSDSKRKNTCGGFLGETCLSESSDGSSSEDAESSSLMNVQRRTAAKEPKTSASDSQNSVKEAPVKNGGATTSSSSDSDDDGGKEKMVLVTARSVFGKKRRKLRRARGRKRKT,MGVQGLWKLLECSGRQVSPEALEGKILAVDISIWLNQALKGVRDRHGNSIENPHLLTLFHRLCKLLFFRIRPIFVFDGDAPLLKKQTLVKRRQRKDLASSDSRKTTEKLLKTFLKRQAIKTAFRSKRDEALPSLTQVRRENDLYVLPPLQEEEKHSSEEEDEKEWQERMNQKQALQEEFFHNPQAIDIESEDFSSLPPEVKHEILTDMKEFTKRRRTLFEAMPEESDDFSQYQLKGLLKKNYLNQHIEHVQKEMNQQHSGHIRRQYEDEGGFLKEVESRRVVSEDTSHYILIKGIQAKTVAEVDSESLPSSSKMHGMSFDVKSSPCEKLKTEKEPDATPPSPRTLLAMQAALLGSSSEEELESENRRQARGRNAPAAVDEGSISPRTLSAIKRALDDDEDVKVCAGDDVQTGGPGAEEMRINSSTENSDEGLKVRDGKGIPFTATLASSSVNSAEEHVASTNEGREPTDSVPKEQMSLVHVGTEAFPISDESMIKDRKDRLPLESAVVRHSDAPGLPNGRELTPASPTCTNSVSKNETHAEVLEQQNELCPYESKFDSSLLSSDDETKCKPNSASEVIGPVSLQETSSIISVPSEAVDNVENVVSFNAKEHENFLETIQEQQTTESAGQDLISIPKAVEPMEIDSEESESDGSFIEVQSVISDEELQAEFPETSKPPSEQGEEELVGTREGEAPAESESLLRDNSERDDVDGEPQEAEKDAEDSLHEWQDINLEELETLESNLLAQQNSLKAQKQQQERIAATVTGQMFLESQELLRLFGIPYIQAPMEAEAQCAILDLTDQTSGTITDDSDIWLFGARHVYRNFFNKNKFVEYYQYVDFHNQLGLDRNKLINLAYLLGSDYTEGIPTVGCVTAMEILNEFPGHGLEPLLKFSEWWHEAQKNPKIRPNPHDTKVKKKLRTLQLTPGFPNPAVAEAYLKPVVDDSKGSFLWGKPDLDKIREFCQRYFGWNRTKTDESLFPVLKQLDAQQTQLRIDSFFRLAQQEKEDAKRIKSQRLNRAVTCMLRKEKEAAASEIEAVSVAMEKEFELLDKAKRKTQKRGITNTLEESSSLKRKRLSDSKRKNTCGGFLGETCLSESSDGSSSEDAESSSLMNVQRRTAAKEPKTSASDSQNSVKEAPVKNGGATTSSSSDSDDDGGKEKMVLVTARSVFGKKRRKLRRARGRKRKT,0
28,NP_000115.1:p.Ala1439Pro,NP_000115.1,1439,1493,A,P,MPNEGIPHSSQTQEQDCLQSQPVSNNEEMAIKQESGGDGEVEEYLSFRSVGDGLSTSAVGCASAAPRRGPALLHIDRHQIQAVEPSAQALELQGLGVDVYDQDVLEQGVLQQVDNAIHEASRASQLVDVEKEYRSVLDDLTSCTTSLRQINKIIEQLSPQAATSRDINRKLDSVKRQKYNKEQQLKKITAKQKHLQAILGGAEVKIELDHASLEEDAEPGPSSLGSMLMPVQETAWEELIRTGQMTPFGTQIPQKQEKKPRKIMLNEASGFEKYLADQAKLSFERKKQGCNKRAARKAPAPVTPPAPVQNKNKPNKKARVLSKKEERLKKHIKKLQKRALQFQGKVGLPKARRPWESDMRPEAEGDSEGEESEYFPTEEEEEEEDDEVEGAEADLSGDGTDYELKPLPKGGKRQKKVPVQEIDDDFFPSSGEEAEAASVGEGGGGGRKVGRYRDDGDEDYYKQRLRRWNKLRLQDKEKRLKLEDDSEESDAEFDEGFKVPGFLFKKLFKYQQTGVRWLWELHCQQAGGILGDEMGLGKTIQIIAFLAGLSYSKIRTRGSNYRFEGLGPTVIVCPTTVMHQWVKEFHTWWPPFRVAILHETGSYTHKKEKLIRDVAHCHGILITSYSYIRLMQDDISRYDWHYVILDEGHKIRNPNAAVTLACKQFRTPHRIILSGSPMQNNLRELWSLFDFIFPGKLGTLPVFMEQFSVPITMGGYSNASPVQVKTAYKCACVLRDTINPYLLRRMKSDVKMSLSLPDKNEQVLFCRLTDEQHKVYQNFVDSKEVYRILNGEMQIFSGLIALRKICNHPDLFSGGPKNLKGLPDDELEEDQFGYWKRSGKMIVVESLLKIWHKQGQRVLLFSQSRQMLDILEVFLRAQKYTYLKMDGTTTIASRQPLITRYNEDTSIFVFLLTTRVGGLGVNLTGANRVVIYDPDWNPSTDTQARERAWRIGQKKQVTVYRLLTAGTIEEKIYHRQIFKQFLTNRVLKDPKQRRFFKSNDLYELFTLTSPDASQSTETSAIFAGTGSDVQTPKCHLKRRIQPAFGADHDVPKRKKFPASNISVNDATSSEEKSEAKGAEVNAVTSNRSDPLKDDPHMSSNVTSNDRLGEETNAVSGPEELSVISGNGECSNSSGTGKTSMPSGDESIDEKLGLSYKRERPSQAQTEAFWENKQMENNFYKHKSKTKHHSVAEEETLEKHLRPKQKPKNSKHCRDAKFEGTRIPHLVKKRRYQKQDSENKSEAKEQSNDDYVLEKLFKKSVGVHSVMKHDAIMDGASPDYVLVEAEANRVAQDALKALRLSRQRCLGAVSGVPTWTGHRGISGAPAGKKSRFGKKRNSNFSVQHPSSTSPTEKCQDGIMKKEGKDNVPEHFSGRAEDADSSSGPLASSSLLAKMRARNHLILPERLESESGHLQEASALLPTTEHDDLLVEMRNFIAFQAHTDGQASTREILQEFESKLSASQSCVFRELLRNLCTFHRTSGGEGIWKLKPEYC,MPNEGIPHSSQTQEQDCLQSQPVSNNEEMAIKQESGGDGEVEEYLSFRSVGDGLSTSAVGCASAAPRRGPALLHIDRHQIQAVEPSAQALELQGLGVDVYDQDVLEQGVLQQVDNAIHEASRASQLVDVEKEYRSVLDDLTSCTTSLRQINKIIEQLSPQAATSRDINRKLDSVKRQKYNKEQQLKKITAKQKHLQAILGGAEVKIELDHASLEEDAEPGPSSLGSMLMPVQETAWEELIRTGQMTPFGTQIPQKQEKKPRKIMLNEASGFEKYLADQAKLSFERKKQGCNKRAARKAPAPVTPPAPVQNKNKPNKKARVLSKKEERLKKHIKKLQKRALQFQGKVGLPKARRPWESDMRPEAEGDSEGEESEYFPTEEEEEEEDDEVEGAEADLSGDGTDYELKPLPKGGKRQKKVPVQEIDDDFFPSSGEEAEAASVGEGGGGGRKVGRYRDDGDEDYYKQRLRRWNKLRLQDKEKRLKLEDDSEESDAEFDEGFKVPGFLFKKLFKYQQTGVRWLWELHCQQAGGILGDEMGLGKTIQIIAFLAGLSYSKIRTRGSNYRFEGLGPTVIVCPTTVMHQWVKEFHTWWPPFRVAILHETGSYTHKKEKLIRDVAHCHGILITSYSYIRLMQDDISRYDWHYVILDEGHKIRNPNAAVTLACKQFRTPHRIILSGSPMQNNLRELWSLFDFIFPGKLGTLPVFMEQFSVPITMGGYSNASPVQVKTAYKCACVLRDTINPYLLRRMKSDVKMSLSLPDKNEQVLFCRLTDEQHKVYQNFVDSKEVYRILNGEMQIFSGLIALRKICNHPDLFSGGPKNLKGLPDDELEEDQFGYWKRSGKMIVVESLLKIWHKQGQRVLLFSQSRQMLDILEVFLRAQKYTYLKMDGTTTIASRQPLITRYNEDTSIFVFLLTTRVGGLGVNLTGANRVVIYDPDWNPSTDTQARERAWRIGQKKQVTVYRLLTAGTIEEKIYHRQIFKQFLTNRVLKDPKQRRFFKSNDLYELFTLTSPDASQSTETSAIFAGTGSDVQTPKCHLKRRIQPAFGADHDVPKRKKFPASNISVNDATSSEEKSEAKGAEVNAVTSNRSDPLKDDPHMSSNVTSNDRLGEETNAVSGPEELSVISGNGECSNSSGTGKTSMPSGDESIDEKLGLSYKRERPSQAQTEAFWENKQMENNFYKHKSKTKHHSVAEEETLEKHLRPKQKPKNSKHCRDAKFEGTRIPHLVKKRRYQKQDSENKSEAKEQSNDDYVLEKLFKKSVGVHSVMKHDAIMDGASPDYVLVEAEANRVAQDALKALRLSRQRCLGAVSGVPTWTGHRGISGAPAGKKSRFGKKRNSNFSVQHPSSTSPTEKCQDGIMKKEGKDNVPEHFSGRAEDADSSSGPLASSSLLAKMRARNHLILPERLESESGHLQEASALLPTTEHDDLLVEMRNFIAFQPHTDGQASTREILQEFESKLSASQSCVFRELLRNLCTFHRTSGGEGIWKLKPEYC,0
29,NP_000115.1:p.Glu382Gly,NP_000115.1,382,1493,E,G,MPNEGIPHSSQTQEQDCLQSQPVSNNEEMAIKQESGGDGEVEEYLSFRSVGDGLSTSAVGCASAAPRRGPALLHIDRHQIQAVEPSAQALELQGLGVDVYDQDVLEQGVLQQVDNAIHEASRASQLVDVEKEYRSVLDDLTSCTTSLRQINKIIEQLSPQAATSRDINRKLDSVKRQKYNKEQQLKKITAKQKHLQAILGGAEVKIELDHASLEEDAEPGPSSLGSMLMPVQETAWEELIRTGQMTPFGTQIPQKQEKKPRKIMLNEASGFEKYLADQAKLSFERKKQGCNKRAARKAPAPVTPPAPVQNKNKPNKKARVLSKKEERLKKHIKKLQKRALQFQGKVGLPKARRPWESDMRPEAEGDSEGEESEYFPTEEEEEEEDDEVEGAEADLSGDGTDYELKPLPKGGKRQKKVPVQEIDDDFFPSSGEEAEAASVGEGGGGGRKVGRYRDDGDEDYYKQRLRRWNKLRLQDKEKRLKLEDDSEESDAEFDEGFKVPGFLFKKLFKYQQTGVRWLWELHCQQAGGILGDEMGLGKTIQIIAFLAGLSYSKIRTRGSNYRFEGLGPTVIVCPTTVMHQWVKEFHTWWPPFRVAILHETGSYTHKKEKLIRDVAHCHGILITSYSYIRLMQDDISRYDWHYVILDEGHKIRNPNAAVTLACKQFRTPHRIILSGSPMQNNLRELWSLFDFIFPGKLGTLPVFMEQFSVPITMGGYSNASPVQVKTAYKCACVLRDTINPYLLRRMKSDVKMSLSLPDKNEQVLFCRLTDEQHKVYQNFVDSKEVYRILNGEMQIFSGLIALRKICNHPDLFSGGPKNLKGLPDDELEEDQFGYWKRSGKMIVVESLLKIWHKQGQRVLLFSQSRQMLDILEVFLRAQKYTYLKMDGTTTIASRQPLITRYNEDTSIFVFLLTTRVGGLGVNLTGANRVVIYDPDWNPSTDTQARERAWRIGQKKQVTVYRLLTAGTIEEKIYHRQIFKQFLTNRVLKDPKQRRFFKSNDLYELFTLTSPDASQSTETSAIFAGTGSDVQTPKCHLKRRIQPAFGADHDVPKRKKFPASNISVNDATSSEEKSEAKGAEVNAVTSNRSDPLKDDPHMSSNVTSNDRLGEETNAVSGPEELSVISGNGECSNSSGTGKTSMPSGDESIDEKLGLSYKRERPSQAQTEAFWENKQMENNFYKHKSKTKHHSVAEEETLEKHLRPKQKPKNSKHCRDAKFEGTRIPHLVKKRRYQKQDSENKSEAKEQSNDDYVLEKLFKKSVGVHSVMKHDAIMDGASPDYVLVEAEANRVAQDALKALRLSRQRCLGAVSGVPTWTGHRGISGAPAGKKSRFGKKRNSNFSVQHPSSTSPTEKCQDGIMKKEGKDNVPEHFSGRAEDADSSSGPLASSSLLAKMRARNHLILPERLESESGHLQEASALLPTTEHDDLLVEMRNFIAFQAHTDGQASTREILQEFESKLSASQSCVFRELLRNLCTFHRTSGGEGIWKLKPEYC,MPNEGIPHSSQTQEQDCLQSQPVSNNEEMAIKQESGGDGEVEEYLSFRSVGDGLSTSAVGCASAAPRRGPALLHIDRHQIQAVEPSAQALELQGLGVDVYDQDVLEQGVLQQVDNAIHEASRASQLVDVEKEYRSVLDDLTSCTTSLRQINKIIEQLSPQAATSRDINRKLDSVKRQKYNKEQQLKKITAKQKHLQAILGGAEVKIELDHASLEEDAEPGPSSLGSMLMPVQETAWEELIRTGQMTPFGTQIPQKQEKKPRKIMLNEASGFEKYLADQAKLSFERKKQGCNKRAARKAPAPVTPPAPVQNKNKPNKKARVLSKKEERLKKHIKKLQKRALQFQGKVGLPKARRPWESDMRPEAEGDSEGEESEYFPTEEEEGEEDDEVEGAEADLSGDGTDYELKPLPKGGKRQKKVPVQEIDDDFFPSSGEEAEAASVGEGGGGGRKVGRYRDDGDEDYYKQRLRRWNKLRLQDKEKRLKLEDDSEESDAEFDEGFKVPGFLFKKLFKYQQTGVRWLWELHCQQAGGILGDEMGLGKTIQIIAFLAGLSYSKIRTRGSNYRFEGLGPTVIVCPTTVMHQWVKEFHTWWPPFRVAILHETGSYTHKKEKLIRDVAHCHGILITSYSYIRLMQDDISRYDWHYVILDEGHKIRNPNAAVTLACKQFRTPHRIILSGSPMQNNLRELWSLFDFIFPGKLGTLPVFMEQFSVPITMGGYSNASPVQVKTAYKCACVLRDTINPYLLRRMKSDVKMSLSLPDKNEQVLFCRLTDEQHKVYQNFVDSKEVYRILNGEMQIFSGLIALRKICNHPDLFSGGPKNLKGLPDDELEEDQFGYWKRSGKMIVVESLLKIWHKQGQRVLLFSQSRQMLDILEVFLRAQKYTYLKMDGTTTIASRQPLITRYNEDTSIFVFLLTTRVGGLGVNLTGANRVVIYDPDWNPSTDTQARERAWRIGQKKQVTVYRLLTAGTIEEKIYHRQIFKQFLTNRVLKDPKQRRFFKSNDLYELFTLTSPDASQSTETSAIFAGTGSDVQTPKCHLKRRIQPAFGADHDVPKRKKFPASNISVNDATSSEEKSEAKGAEVNAVTSNRSDPLKDDPHMSSNVTSNDRLGEETNAVSGPEELSVISGNGECSNSSGTGKTSMPSGDESIDEKLGLSYKRERPSQAQTEAFWENKQMENNFYKHKSKTKHHSVAEEETLEKHLRPKQKPKNSKHCRDAKFEGTRIPHLVKKRRYQKQDSENKSEAKEQSNDDYVLEKLFKKSVGVHSVMKHDAIMDGASPDYVLVEAEANRVAQDALKALRLSRQRCLGAVSGVPTWTGHRGISGAPAGKKSRFGKKRNSNFSVQHPSSTSPTEKCQDGIMKKEGKDNVPEHFSGRAEDADSSSGPLASSSLLAKMRARNHLILPERLESESGHLQEASALLPTTEHDDLLVEMRNFIAFQAHTDGQASTREILQEFESKLSASQSCVFRELLRNLCTFHRTSGGEGIWKLKPEYC,0
30,NP_000115.1:p.Leu536Trp,NP_000115.1,536,1493,L,W,MPNEGIPHSSQTQEQDCLQSQPVSNNEEMAIKQESGGDGEVEEYLSFRSVGDGLSTSAVGCASAAPRRGPALLHIDRHQIQAVEPSAQALELQGLGVDVYDQDVLEQGVLQQVDNAIHEASRASQLVDVEKEYRSVLDDLTSCTTSLRQINKIIEQLSPQAATSRDINRKLDSVKRQKYNKEQQLKKITAKQKHLQAILGGAEVKIELDHASLEEDAEPGPSSLGSMLMPVQETAWEELIRTGQMTPFGTQIPQKQEKKPRKIMLNEASGFEKYLADQAKLSFERKKQGCNKRAARKAPAPVTPPAPVQNKNKPNKKARVLSKKEERLKKHIKKLQKRALQFQGKVGLPKARRPWESDMRPEAEGDSEGEESEYFPTEEEEEEEDDEVEGAEADLSGDGTDYELKPLPKGGKRQKKVPVQEIDDDFFPSSGEEAEAASVGEGGGGGRKVGRYRDDGDEDYYKQRLRRWNKLRLQDKEKRLKLEDDSEESDAEFDEGFKVPGFLFKKLFKYQQTGVRWLWELHCQQAGGILGDEMGLGKTIQIIAFLAGLSYSKIRTRGSNYRFEGLGPTVIVCPTTVMHQWVKEFHTWWPPFRVAILHETGSYTHKKEKLIRDVAHCHGILITSYSYIRLMQDDISRYDWHYVILDEGHKIRNPNAAVTLACKQFRTPHRIILSGSPMQNNLRELWSLFDFIFPGKLGTLPVFMEQFSVPITMGGYSNASPVQVKTAYKCACVLRDTINPYLLRRMKSDVKMSLSLPDKNEQVLFCRLTDEQHKVYQNFVDSKEVYRILNGEMQIFSGLIALRKICNHPDLFSGGPKNLKGLPDDELEEDQFGYWKRSGKMIVVESLLKIWHKQGQRVLLFSQSRQMLDILEVFLRAQKYTYLKMDGTTTIASRQPLITRYNEDTSIFVFLLTTRVGGLGVNLTGANRVVIYDPDWNPSTDTQARERAWRIGQKKQVTVYRLLTAGTIEEKIYHRQIFKQFLTNRVLKDPKQRRFFKSNDLYELFTLTSPDASQSTETSAIFAGTGSDVQTPKCHLKRRIQPAFGADHDVPKRKKFPASNISVNDATSSEEKSEAKGAEVNAVTSNRSDPLKDDPHMSSNVTSNDRLGEETNAVSGPEELSVISGNGECSNSSGTGKTSMPSGDESIDEKLGLSYKRERPSQAQTEAFWENKQMENNFYKHKSKTKHHSVAEEETLEKHLRPKQKPKNSKHCRDAKFEGTRIPHLVKKRRYQKQDSENKSEAKEQSNDDYVLEKLFKKSVGVHSVMKHDAIMDGASPDYVLVEAEANRVAQDALKALRLSRQRCLGAVSGVPTWTGHRGISGAPAGKKSRFGKKRNSNFSVQHPSSTSPTEKCQDGIMKKEGKDNVPEHFSGRAEDADSSSGPLASSSLLAKMRARNHLILPERLESESGHLQEASALLPTTEHDDLLVEMRNFIAFQAHTDGQASTREILQEFESKLSASQSCVFRELLRNLCTFHRTSGGEGIWKLKPEYC,MPNEGIPHSSQTQEQDCLQSQPVSNNEEMAIKQESGGDGEVEEYLSFRSVGDGLSTSAVGCASAAPRRGPALLHIDRHQIQAVEPSAQALELQGLGVDVYDQDVLEQGVLQQVDNAIHEASRASQLVDVEKEYRSVLDDLTSCTTSLRQINKIIEQLSPQAATSRDINRKLDSVKRQKYNKEQQLKKITAKQKHLQAILGGAEVKIELDHASLEEDAEPGPSSLGSMLMPVQETAWEELIRTGQMTPFGTQIPQKQEKKPRKIMLNEASGFEKYLADQAKLSFERKKQGCNKRAARKAPAPVTPPAPVQNKNKPNKKARVLSKKEERLKKHIKKLQKRALQFQGKVGLPKARRPWESDMRPEAEGDSEGEESEYFPTEEEEEEEDDEVEGAEADLSGDGTDYELKPLPKGGKRQKKVPVQEIDDDFFPSSGEEAEAASVGEGGGGGRKVGRYRDDGDEDYYKQRLRRWNKLRLQDKEKRLKLEDDSEESDAEFDEGFKVPGFLFKKLFKYQQTGVRWLWELHCQQAGGILGDEMGWGKTIQIIAFLAGLSYSKIRTRGSNYRFEGLGPTVIVCPTTVMHQWVKEFHTWWPPFRVAILHETGSYTHKKEKLIRDVAHCHGILITSYSYIRLMQDDISRYDWHYVILDEGHKIRNPNAAVTLACKQFRTPHRIILSGSPMQNNLRELWSLFDFIFPGKLGTLPVFMEQFSVPITMGGYSNASPVQVKTAYKCACVLRDTINPYLLRRMKSDVKMSLSLPDKNEQVLFCRLTDEQHKVYQNFVDSKEVYRILNGEMQIFSGLIALRKICNHPDLFSGGPKNLKGLPDDELEEDQFGYWKRSGKMIVVESLLKIWHKQGQRVLLFSQSRQMLDILEVFLRAQKYTYLKMDGTTTIASRQPLITRYNEDTSIFVFLLTTRVGGLGVNLTGANRVVIYDPDWNPSTDTQARERAWRIGQKKQVTVYRLLTAGTIEEKIYHRQIFKQFLTNRVLKDPKQRRFFKSNDLYELFTLTSPDASQSTETSAIFAGTGSDVQTPKCHLKRRIQPAFGADHDVPKRKKFPASNISVNDATSSEEKSEAKGAEVNAVTSNRSDPLKDDPHMSSNVTSNDRLGEETNAVSGPEELSVISGNGECSNSSGTGKTSMPSGDESIDEKLGLSYKRERPSQAQTEAFWENKQMENNFYKHKSKTKHHSVAEEETLEKHLRPKQKPKNSKHCRDAKFEGTRIPHLVKKRRYQKQDSENKSEAKEQSNDDYVLEKLFKKSVGVHSVMKHDAIMDGASPDYVLVEAEANRVAQDALKALRLSRQRCLGAVSGVPTWTGHRGISGAPAGKKSRFGKKRNSNFSVQHPSSTSPTEKCQDGIMKKEGKDNVPEHFSGRAEDADSSSGPLASSSLLAKMRARNHLILPERLESESGHLQEASALLPTTEHDDLLVEMRNFIAFQAHTDGQASTREILQEFESKLSASQSCVFRELLRNLCTFHRTSGGEGIWKLKPEYC,1
31,NP_000115.1:p.Met752Val,NP_000115.1,752,1493,M,V,MPNEGIPHSSQTQEQDCLQSQPVSNNEEMAIKQESGGDGEVEEYLSFRSVGDGLSTSAVGCASAAPRRGPALLHIDRHQIQAVEPSAQALELQGLGVDVYDQDVLEQGVLQQVDNAIHEASRASQLVDVEKEYRSVLDDLTSCTTSLRQINKIIEQLSPQAATSRDINRKLDSVKRQKYNKEQQLKKITAKQKHLQAILGGAEVKIELDHASLEEDAEPGPSSLGSMLMPVQETAWEELIRTGQMTPFGTQIPQKQEKKPRKIMLNEASGFEKYLADQAKLSFERKKQGCNKRAARKAPAPVTPPAPVQNKNKPNKKARVLSKKEERLKKHIKKLQKRALQFQGKVGLPKARRPWESDMRPEAEGDSEGEESEYFPTEEEEEEEDDEVEGAEADLSGDGTDYELKPLPKGGKRQKKVPVQEIDDDFFPSSGEEAEAASVGEGGGGGRKVGRYRDDGDEDYYKQRLRRWNKLRLQDKEKRLKLEDDSEESDAEFDEGFKVPGFLFKKLFKYQQTGVRWLWELHCQQAGGILGDEMGLGKTIQIIAFLAGLSYSKIRTRGSNYRFEGLGPTVIVCPTTVMHQWVKEFHTWWPPFRVAILHETGSYTHKKEKLIRDVAHCHGILITSYSYIRLMQDDISRYDWHYVILDEGHKIRNPNAAVTLACKQFRTPHRIILSGSPMQNNLRELWSLFDFIFPGKLGTLPVFMEQFSVPITMGGYSNASPVQVKTAYKCACVLRDTINPYLLRRMKSDVKMSLSLPDKNEQVLFCRLTDEQHKVYQNFVDSKEVYRILNGEMQIFSGLIALRKICNHPDLFSGGPKNLKGLPDDELEEDQFGYWKRSGKMIVVESLLKIWHKQGQRVLLFSQSRQMLDILEVFLRAQKYTYLKMDGTTTIASRQPLITRYNEDTSIFVFLLTTRVGGLGVNLTGANRVVIYDPDWNPSTDTQARERAWRIGQKKQVTVYRLLTAGTIEEKIYHRQIFKQFLTNRVLKDPKQRRFFKSNDLYELFTLTSPDASQSTETSAIFAGTGSDVQTPKCHLKRRIQPAFGADHDVPKRKKFPASNISVNDATSSEEKSEAKGAEVNAVTSNRSDPLKDDPHMSSNVTSNDRLGEETNAVSGPEELSVISGNGECSNSSGTGKTSMPSGDESIDEKLGLSYKRERPSQAQTEAFWENKQMENNFYKHKSKTKHHSVAEEETLEKHLRPKQKPKNSKHCRDAKFEGTRIPHLVKKRRYQKQDSENKSEAKEQSNDDYVLEKLFKKSVGVHSVMKHDAIMDGASPDYVLVEAEANRVAQDALKALRLSRQRCLGAVSGVPTWTGHRGISGAPAGKKSRFGKKRNSNFSVQHPSSTSPTEKCQDGIMKKEGKDNVPEHFSGRAEDADSSSGPLASSSLLAKMRARNHLILPERLESESGHLQEASALLPTTEHDDLLVEMRNFIAFQAHTDGQASTREILQEFESKLSASQSCVFRELLRNLCTFHRTSGGEGIWKLKPEYC,MPNEGIPHSSQTQEQDCLQSQPVSNNEEMAIKQESGGDGEVEEYLSFRSVGDGLSTSAVGCASAAPRRGPALLHIDRHQIQAVEPSAQALELQGLGVDVYDQDVLEQGVLQQVDNAIHEASRASQLVDVEKEYRSVLDDLTSCTTSLRQINKIIEQLSPQAATSRDINRKLDSVKRQKYNKEQQLKKITAKQKHLQAILGGAEVKIELDHASLEEDAEPGPSSLGSMLMPVQETAWEELIRTGQMTPFGTQIPQKQEKKPRKIMLNEASGFEKYLADQAKLSFERKKQGCNKRAARKAPAPVTPPAPVQNKNKPNKKARVLSKKEERLKKHIKKLQKRALQFQGKVGLPKARRPWESDMRPEAEGDSEGEESEYFPTEEEEEEEDDEVEGAEADLSGDGTDYELKPLPKGGKRQKKVPVQEIDDDFFPSSGEEAEAASVGEGGGGGRKVGRYRDDGDEDYYKQRLRRWNKLRLQDKEKRLKLEDDSEESDAEFDEGFKVPGFLFKKLFKYQQTGVRWLWELHCQQAGGILGDEMGLGKTIQIIAFLAGLSYSKIRTRGSNYRFEGLGPTVIVCPTTVMHQWVKEFHTWWPPFRVAILHETGSYTHKKEKLIRDVAHCHGILITSYSYIRLMQDDISRYDWHYVILDEGHKIRNPNAAVTLACKQFRTPHRIILSGSPMQNNLRELWSLFDFIFPGKLGTLPVFMEQFSVPITMGGYSNASPVQVKTAYKCACVLRDTINPYLLRRMKSDVKVSLSLPDKNEQVLFCRLTDEQHKVYQNFVDSKEVYRILNGEMQIFSGLIALRKICNHPDLFSGGPKNLKGLPDDELEEDQFGYWKRSGKMIVVESLLKIWHKQGQRVLLFSQSRQMLDILEVFLRAQKYTYLKMDGTTTIASRQPLITRYNEDTSIFVFLLTTRVGGLGVNLTGANRVVIYDPDWNPSTDTQARERAWRIGQKKQVTVYRLLTAGTIEEKIYHRQIFKQFLTNRVLKDPKQRRFFKSNDLYELFTLTSPDASQSTETSAIFAGTGSDVQTPKCHLKRRIQPAFGADHDVPKRKKFPASNISVNDATSSEEKSEAKGAEVNAVTSNRSDPLKDDPHMSSNVTSNDRLGEETNAVSGPEELSVISGNGECSNSSGTGKTSMPSGDESIDEKLGLSYKRERPSQAQTEAFWENKQMENNFYKHKSKTKHHSVAEEETLEKHLRPKQKPKNSKHCRDAKFEGTRIPHLVKKRRYQKQDSENKSEAKEQSNDDYVLEKLFKKSVGVHSVMKHDAIMDGASPDYVLVEAEANRVAQDALKALRLSRQRCLGAVSGVPTWTGHRGISGAPAGKKSRFGKKRNSNFSVQHPSSTSPTEKCQDGIMKKEGKDNVPEHFSGRAEDADSSSGPLASSSLLAKMRARNHLILPERLESESGHLQEASALLPTTEHDDLLVEMRNFIAFQAHTDGQASTREILQEFESKLSASQSCVFRELLRNLCTFHRTSGGEGIWKLKPEYC,1
32,NP_000115.1:p.Asn1365Lys,NP_000115.1,1365,1493,N,K,MPNEGIPHSSQTQEQDCLQSQPVSNNEEMAIKQESGGDGEVEEYLSFRSVGDGLSTSAVGCASAAPRRGPALLHIDRHQIQAVEPSAQALELQGLGVDVYDQDVLEQGVLQQVDNAIHEASRASQLVDVEKEYRSVLDDLTSCTTSLRQINKIIEQLSPQAATSRDINRKLDSVKRQKYNKEQQLKKITAKQKHLQAILGGAEVKIELDHASLEEDAEPGPSSLGSMLMPVQETAWEELIRTGQMTPFGTQIPQKQEKKPRKIMLNEASGFEKYLADQAKLSFERKKQGCNKRAARKAPAPVTPPAPVQNKNKPNKKARVLSKKEERLKKHIKKLQKRALQFQGKVGLPKARRPWESDMRPEAEGDSEGEESEYFPTEEEEEEEDDEVEGAEADLSGDGTDYELKPLPKGGKRQKKVPVQEIDDDFFPSSGEEAEAASVGEGGGGGRKVGRYRDDGDEDYYKQRLRRWNKLRLQDKEKRLKLEDDSEESDAEFDEGFKVPGFLFKKLFKYQQTGVRWLWELHCQQAGGILGDEMGLGKTIQIIAFLAGLSYSKIRTRGSNYRFEGLGPTVIVCPTTVMHQWVKEFHTWWPPFRVAILHETGSYTHKKEKLIRDVAHCHGILITSYSYIRLMQDDISRYDWHYVILDEGHKIRNPNAAVTLACKQFRTPHRIILSGSPMQNNLRELWSLFDFIFPGKLGTLPVFMEQFSVPITMGGYSNASPVQVKTAYKCACVLRDTINPYLLRRMKSDVKMSLSLPDKNEQVLFCRLTDEQHKVYQNFVDSKEVYRILNGEMQIFSGLIALRKICNHPDLFSGGPKNLKGLPDDELEEDQFGYWKRSGKMIVVESLLKIWHKQGQRVLLFSQSRQMLDILEVFLRAQKYTYLKMDGTTTIASRQPLITRYNEDTSIFVFLLTTRVGGLGVNLTGANRVVIYDPDWNPSTDTQARERAWRIGQKKQVTVYRLLTAGTIEEKIYHRQIFKQFLTNRVLKDPKQRRFFKSNDLYELFTLTSPDASQSTETSAIFAGTGSDVQTPKCHLKRRIQPAFGADHDVPKRKKFPASNISVNDATSSEEKSEAKGAEVNAVTSNRSDPLKDDPHMSSNVTSNDRLGEETNAVSGPEELSVISGNGECSNSSGTGKTSMPSGDESIDEKLGLSYKRERPSQAQTEAFWENKQMENNFYKHKSKTKHHSVAEEETLEKHLRPKQKPKNSKHCRDAKFEGTRIPHLVKKRRYQKQDSENKSEAKEQSNDDYVLEKLFKKSVGVHSVMKHDAIMDGASPDYVLVEAEANRVAQDALKALRLSRQRCLGAVSGVPTWTGHRGISGAPAGKKSRFGKKRNSNFSVQHPSSTSPTEKCQDGIMKKEGKDNVPEHFSGRAEDADSSSGPLASSSLLAKMRARNHLILPERLESESGHLQEASALLPTTEHDDLLVEMRNFIAFQAHTDGQASTREILQEFESKLSASQSCVFRELLRNLCTFHRTSGGEGIWKLKPEYC,MPNEGIPHSSQTQEQDCLQSQPVSNNEEMAIKQESGGDGEVEEYLSFRSVGDGLSTSAVGCASAAPRRGPALLHIDRHQIQAVEPSAQALELQGLGVDVYDQDVLEQGVLQQVDNAIHEASRASQLVDVEKEYRSVLDDLTSCTTSLRQINKIIEQLSPQAATSRDINRKLDSVKRQKYNKEQQLKKITAKQKHLQAILGGAEVKIELDHASLEEDAEPGPSSLGSMLMPVQETAWEELIRTGQMTPFGTQIPQKQEKKPRKIMLNEASGFEKYLADQAKLSFERKKQGCNKRAARKAPAPVTPPAPVQNKNKPNKKARVLSKKEERLKKHIKKLQKRALQFQGKVGLPKARRPWESDMRPEAEGDSEGEESEYFPTEEEEEEEDDEVEGAEADLSGDGTDYELKPLPKGGKRQKKVPVQEIDDDFFPSSGEEAEAASVGEGGGGGRKVGRYRDDGDEDYYKQRLRRWNKLRLQDKEKRLKLEDDSEESDAEFDEGFKVPGFLFKKLFKYQQTGVRWLWELHCQQAGGILGDEMGLGKTIQIIAFLAGLSYSKIRTRGSNYRFEGLGPTVIVCPTTVMHQWVKEFHTWWPPFRVAILHETGSYTHKKEKLIRDVAHCHGILITSYSYIRLMQDDISRYDWHYVILDEGHKIRNPNAAVTLACKQFRTPHRIILSGSPMQNNLRELWSLFDFIFPGKLGTLPVFMEQFSVPITMGGYSNASPVQVKTAYKCACVLRDTINPYLLRRMKSDVKMSLSLPDKNEQVLFCRLTDEQHKVYQNFVDSKEVYRILNGEMQIFSGLIALRKICNHPDLFSGGPKNLKGLPDDELEEDQFGYWKRSGKMIVVESLLKIWHKQGQRVLLFSQSRQMLDILEVFLRAQKYTYLKMDGTTTIASRQPLITRYNEDTSIFVFLLTTRVGGLGVNLTGANRVVIYDPDWNPSTDTQARERAWRIGQKKQVTVYRLLTAGTIEEKIYHRQIFKQFLTNRVLKDPKQRRFFKSNDLYELFTLTSPDASQSTETSAIFAGTGSDVQTPKCHLKRRIQPAFGADHDVPKRKKFPASNISVNDATSSEEKSEAKGAEVNAVTSNRSDPLKDDPHMSSNVTSNDRLGEETNAVSGPEELSVISGNGECSNSSGTGKTSMPSGDESIDEKLGLSYKRERPSQAQTEAFWENKQMENNFYKHKSKTKHHSVAEEETLEKHLRPKQKPKNSKHCRDAKFEGTRIPHLVKKRRYQKQDSENKSEAKEQSNDDYVLEKLFKKSVGVHSVMKHDAIMDGASPDYVLVEAEANRVAQDALKALRLSRQRCLGAVSGVPTWTGHRGISGAPAGKKSRFGKKRNSNFSVQHPSSTSPTEKCQDGIMKKEGKDKVPEHFSGRAEDADSSSGPLASSSLLAKMRARNHLILPERLESESGHLQEASALLPTTEHDDLLVEMRNFIAFQAHTDGQASTREILQEFESKLSASQSCVFRELLRNLCTFHRTSGGEGIWKLKPEYC,0
33,NP_000115.1:p.Pro934Thr,NP_000115.1,934,1493,P,T,MPNEGIPHSSQTQEQDCLQSQPVSNNEEMAIKQESGGDGEVEEYLSFRSVGDGLSTSAVGCASAAPRRGPALLHIDRHQIQAVEPSAQALELQGLGVDVYDQDVLEQGVLQQVDNAIHEASRASQLVDVEKEYRSVLDDLTSCTTSLRQINKIIEQLSPQAATSRDINRKLDSVKRQKYNKEQQLKKITAKQKHLQAILGGAEVKIELDHASLEEDAEPGPSSLGSMLMPVQETAWEELIRTGQMTPFGTQIPQKQEKKPRKIMLNEASGFEKYLADQAKLSFERKKQGCNKRAARKAPAPVTPPAPVQNKNKPNKKARVLSKKEERLKKHIKKLQKRALQFQGKVGLPKARRPWESDMRPEAEGDSEGEESEYFPTEEEEEEEDDEVEGAEADLSGDGTDYELKPLPKGGKRQKKVPVQEIDDDFFPSSGEEAEAASVGEGGGGGRKVGRYRDDGDEDYYKQRLRRWNKLRLQDKEKRLKLEDDSEESDAEFDEGFKVPGFLFKKLFKYQQTGVRWLWELHCQQAGGILGDEMGLGKTIQIIAFLAGLSYSKIRTRGSNYRFEGLGPTVIVCPTTVMHQWVKEFHTWWPPFRVAILHETGSYTHKKEKLIRDVAHCHGILITSYSYIRLMQDDISRYDWHYVILDEGHKIRNPNAAVTLACKQFRTPHRIILSGSPMQNNLRELWSLFDFIFPGKLGTLPVFMEQFSVPITMGGYSNASPVQVKTAYKCACVLRDTINPYLLRRMKSDVKMSLSLPDKNEQVLFCRLTDEQHKVYQNFVDSKEVYRILNGEMQIFSGLIALRKICNHPDLFSGGPKNLKGLPDDELEEDQFGYWKRSGKMIVVESLLKIWHKQGQRVLLFSQSRQMLDILEVFLRAQKYTYLKMDGTTTIASRQPLITRYNEDTSIFVFLLTTRVGGLGVNLTGANRVVIYDPDWNPSTDTQARERAWRIGQKKQVTVYRLLTAGTIEEKIYHRQIFKQFLTNRVLKDPKQRRFFKSNDLYELFTLTSPDASQSTETSAIFAGTGSDVQTPKCHLKRRIQPAFGADHDVPKRKKFPASNISVNDATSSEEKSEAKGAEVNAVTSNRSDPLKDDPHMSSNVTSNDRLGEETNAVSGPEELSVISGNGECSNSSGTGKTSMPSGDESIDEKLGLSYKRERPSQAQTEAFWENKQMENNFYKHKSKTKHHSVAEEETLEKHLRPKQKPKNSKHCRDAKFEGTRIPHLVKKRRYQKQDSENKSEAKEQSNDDYVLEKLFKKSVGVHSVMKHDAIMDGASPDYVLVEAEANRVAQDALKALRLSRQRCLGAVSGVPTWTGHRGISGAPAGKKSRFGKKRNSNFSVQHPSSTSPTEKCQDGIMKKEGKDNVPEHFSGRAEDADSSSGPLASSSLLAKMRARNHLILPERLESESGHLQEASALLPTTEHDDLLVEMRNFIAFQAHTDGQASTREILQEFESKLSASQSCVFRELLRNLCTFHRTSGGEGIWKLKPEYC,MPNEGIPHSSQTQEQDCLQSQPVSNNEEMAIKQESGGDGEVEEYLSFRSVGDGLSTSAVGCASAAPRRGPALLHIDRHQIQAVEPSAQALELQGLGVDVYDQDVLEQGVLQQVDNAIHEASRASQLVDVEKEYRSVLDDLTSCTTSLRQINKIIEQLSPQAATSRDINRKLDSVKRQKYNKEQQLKKITAKQKHLQAILGGAEVKIELDHASLEEDAEPGPSSLGSMLMPVQETAWEELIRTGQMTPFGTQIPQKQEKKPRKIMLNEASGFEKYLADQAKLSFERKKQGCNKRAARKAPAPVTPPAPVQNKNKPNKKARVLSKKEERLKKHIKKLQKRALQFQGKVGLPKARRPWESDMRPEAEGDSEGEESEYFPTEEEEEEEDDEVEGAEADLSGDGTDYELKPLPKGGKRQKKVPVQEIDDDFFPSSGEEAEAASVGEGGGGGRKVGRYRDDGDEDYYKQRLRRWNKLRLQDKEKRLKLEDDSEESDAEFDEGFKVPGFLFKKLFKYQQTGVRWLWELHCQQAGGILGDEMGLGKTIQIIAFLAGLSYSKIRTRGSNYRFEGLGPTVIVCPTTVMHQWVKEFHTWWPPFRVAILHETGSYTHKKEKLIRDVAHCHGILITSYSYIRLMQDDISRYDWHYVILDEGHKIRNPNAAVTLACKQFRTPHRIILSGSPMQNNLRELWSLFDFIFPGKLGTLPVFMEQFSVPITMGGYSNASPVQVKTAYKCACVLRDTINPYLLRRMKSDVKMSLSLPDKNEQVLFCRLTDEQHKVYQNFVDSKEVYRILNGEMQIFSGLIALRKICNHPDLFSGGPKNLKGLPDDELEEDQFGYWKRSGKMIVVESLLKIWHKQGQRVLLFSQSRQMLDILEVFLRAQKYTYLKMDGTTTIASRQPLITRYNEDTSIFVFLLTTRVGGLGVNLTGANRVVIYDTDWNPSTDTQARERAWRIGQKKQVTVYRLLTAGTIEEKIYHRQIFKQFLTNRVLKDPKQRRFFKSNDLYELFTLTSPDASQSTETSAIFAGTGSDVQTPKCHLKRRIQPAFGADHDVPKRKKFPASNISVNDATSSEEKSEAKGAEVNAVTSNRSDPLKDDPHMSSNVTSNDRLGEETNAVSGPEELSVISGNGECSNSSGTGKTSMPSGDESIDEKLGLSYKRERPSQAQTEAFWENKQMENNFYKHKSKTKHHSVAEEETLEKHLRPKQKPKNSKHCRDAKFEGTRIPHLVKKRRYQKQDSENKSEAKEQSNDDYVLEKLFKKSVGVHSVMKHDAIMDGASPDYVLVEAEANRVAQDALKALRLSRQRCLGAVSGVPTWTGHRGISGAPAGKKSRFGKKRNSNFSVQHPSSTSPTEKCQDGIMKKEGKDNVPEHFSGRAEDADSSSGPLASSSLLAKMRARNHLILPERLESESGHLQEASALLPTTEHDDLLVEMRNFIAFQAHTDGQASTREILQEFESKLSASQSCVFRELLRNLCTFHRTSGGEGIWKLKPEYC,1
34,NP_000115.1:p.Trp851Arg,NP_000115.1,851,1493,W,R,MPNEGIPHSSQTQEQDCLQSQPVSNNEEMAIKQESGGDGEVEEYLSFRSVGDGLSTSAVGCASAAPRRGPALLHIDRHQIQAVEPSAQALELQGLGVDVYDQDVLEQGVLQQVDNAIHEASRASQLVDVEKEYRSVLDDLTSCTTSLRQINKIIEQLSPQAATSRDINRKLDSVKRQKYNKEQQLKKITAKQKHLQAILGGAEVKIELDHASLEEDAEPGPSSLGSMLMPVQETAWEELIRTGQMTPFGTQIPQKQEKKPRKIMLNEASGFEKYLADQAKLSFERKKQGCNKRAARKAPAPVTPPAPVQNKNKPNKKARVLSKKEERLKKHIKKLQKRALQFQGKVGLPKARRPWESDMRPEAEGDSEGEESEYFPTEEEEEEEDDEVEGAEADLSGDGTDYELKPLPKGGKRQKKVPVQEIDDDFFPSSGEEAEAASVGEGGGGGRKVGRYRDDGDEDYYKQRLRRWNKLRLQDKEKRLKLEDDSEESDAEFDEGFKVPGFLFKKLFKYQQTGVRWLWELHCQQAGGILGDEMGLGKTIQIIAFLAGLSYSKIRTRGSNYRFEGLGPTVIVCPTTVMHQWVKEFHTWWPPFRVAILHETGSYTHKKEKLIRDVAHCHGILITSYSYIRLMQDDISRYDWHYVILDEGHKIRNPNAAVTLACKQFRTPHRIILSGSPMQNNLRELWSLFDFIFPGKLGTLPVFMEQFSVPITMGGYSNASPVQVKTAYKCACVLRDTINPYLLRRMKSDVKMSLSLPDKNEQVLFCRLTDEQHKVYQNFVDSKEVYRILNGEMQIFSGLIALRKICNHPDLFSGGPKNLKGLPDDELEEDQFGYWKRSGKMIVVESLLKIWHKQGQRVLLFSQSRQMLDILEVFLRAQKYTYLKMDGTTTIASRQPLITRYNEDTSIFVFLLTTRVGGLGVNLTGANRVVIYDPDWNPSTDTQARERAWRIGQKKQVTVYRLLTAGTIEEKIYHRQIFKQFLTNRVLKDPKQRRFFKSNDLYELFTLTSPDASQSTETSAIFAGTGSDVQTPKCHLKRRIQPAFGADHDVPKRKKFPASNISVNDATSSEEKSEAKGAEVNAVTSNRSDPLKDDPHMSSNVTSNDRLGEETNAVSGPEELSVISGNGECSNSSGTGKTSMPSGDESIDEKLGLSYKRERPSQAQTEAFWENKQMENNFYKHKSKTKHHSVAEEETLEKHLRPKQKPKNSKHCRDAKFEGTRIPHLVKKRRYQKQDSENKSEAKEQSNDDYVLEKLFKKSVGVHSVMKHDAIMDGASPDYVLVEAEANRVAQDALKALRLSRQRCLGAVSGVPTWTGHRGISGAPAGKKSRFGKKRNSNFSVQHPSSTSPTEKCQDGIMKKEGKDNVPEHFSGRAEDADSSSGPLASSSLLAKMRARNHLILPERLESESGHLQEASALLPTTEHDDLLVEMRNFIAFQAHTDGQASTREILQEFESKLSASQSCVFRELLRNLCTFHRTSGGEGIWKLKPEYC,MPNEGIPHSSQTQEQDCLQSQPVSNNEEMAIKQESGGDGEVEEYLSFRSVGDGLSTSAVGCASAAPRRGPALLHIDRHQIQAVEPSAQALELQGLGVDVYDQDVLEQGVLQQVDNAIHEASRASQLVDVEKEYRSVLDDLTSCTTSLRQINKIIEQLSPQAATSRDINRKLDSVKRQKYNKEQQLKKITAKQKHLQAILGGAEVKIELDHASLEEDAEPGPSSLGSMLMPVQETAWEELIRTGQMTPFGTQIPQKQEKKPRKIMLNEASGFEKYLADQAKLSFERKKQGCNKRAARKAPAPVTPPAPVQNKNKPNKKARVLSKKEERLKKHIKKLQKRALQFQGKVGLPKARRPWESDMRPEAEGDSEGEESEYFPTEEEEEEEDDEVEGAEADLSGDGTDYELKPLPKGGKRQKKVPVQEIDDDFFPSSGEEAEAASVGEGGGGGRKVGRYRDDGDEDYYKQRLRRWNKLRLQDKEKRLKLEDDSEESDAEFDEGFKVPGFLFKKLFKYQQTGVRWLWELHCQQAGGILGDEMGLGKTIQIIAFLAGLSYSKIRTRGSNYRFEGLGPTVIVCPTTVMHQWVKEFHTWWPPFRVAILHETGSYTHKKEKLIRDVAHCHGILITSYSYIRLMQDDISRYDWHYVILDEGHKIRNPNAAVTLACKQFRTPHRIILSGSPMQNNLRELWSLFDFIFPGKLGTLPVFMEQFSVPITMGGYSNASPVQVKTAYKCACVLRDTINPYLLRRMKSDVKMSLSLPDKNEQVLFCRLTDEQHKVYQNFVDSKEVYRILNGEMQIFSGLIALRKICNHPDLFSGGPKNLKGLPDDELEEDQFGYWKRSGKMIVVESLLKIRHKQGQRVLLFSQSRQMLDILEVFLRAQKYTYLKMDGTTTIASRQPLITRYNEDTSIFVFLLTTRVGGLGVNLTGANRVVIYDPDWNPSTDTQARERAWRIGQKKQVTVYRLLTAGTIEEKIYHRQIFKQFLTNRVLKDPKQRRFFKSNDLYELFTLTSPDASQSTETSAIFAGTGSDVQTPKCHLKRRIQPAFGADHDVPKRKKFPASNISVNDATSSEEKSEAKGAEVNAVTSNRSDPLKDDPHMSSNVTSNDRLGEETNAVSGPEELSVISGNGECSNSSGTGKTSMPSGDESIDEKLGLSYKRERPSQAQTEAFWENKQMENNFYKHKSKTKHHSVAEEETLEKHLRPKQKPKNSKHCRDAKFEGTRIPHLVKKRRYQKQDSENKSEAKEQSNDDYVLEKLFKKSVGVHSVMKHDAIMDGASPDYVLVEAEANRVAQDALKALRLSRQRCLGAVSGVPTWTGHRGISGAPAGKKSRFGKKRNSNFSVQHPSSTSPTEKCQDGIMKKEGKDNVPEHFSGRAEDADSSSGPLASSSLLAKMRARNHLILPERLESESGHLQEASALLPTTEHDDLLVEMRNFIAFQAHTDGQASTREILQEFESKLSASQSCVFRELLRNLCTFHRTSGGEGIWKLKPEYC,1
35,NP_000121.2:p.Gln1318Lys,NP_000121.2,1318,2224,Q,K,MFPGCPRLWVLVVLGTSWVGWGSQGTEAAQLRQFYVAAQGISWSYRPEPTNSSLNLSVTSFKKIVYREYEPYFKKEKPQSTISGLLGPTLYAEVGDIIKVHFKNKADKPLSIHPQGIRYSKLSEGASYLDHTFPAEKMDDAVAPGREYTYEWSISEDSGPTHDDPPCLTHIYYSHENLIEDFNSGLIGPLLICKKGTLTEGGTQKTFDKQIVLLFAVFDESKSWSQSSSLMYTVNGYVNGTMPDITVCAHDHISWHLLGMSSGPELFSIHFNGQVLEQNHHKVSAITLVSATSTTANMTVGPEGKWIISSLTPKHLQAGMQAYIDIKNCPKKTRNLKKITREQRRHMKRWEYFIAAEEVIWDYAPVIPANMDKKYRSQHLDNFSNQIGKHYKKVMYTQYEDESFTKHTVNPNMKEDGILGPIIRAQVRDTLKIVFKNMASRPYSIYPHGVTFSPYEDEVNSSFTSGRNNTMIRAVQPGETYTYKWNILEFDEPTENDAQCLTRPYYSDVDIMRDIASGLIGLLLICKSRSLDRRGIQRAADIEQQAVFAVFDENKSWYLEDNINKFCENPDEVKRDDPKFYESNIMSTINGYVPESITTLGFCFDDTVQWHFCSVGTQNEILTIHFTGHSFIYGKRHEDTLTLFPMRGESVTVTMDNVGTWMLTSMNSSPRSKKLRLKFRDVKCIPDDDEDSYEIFEPPESTVMATRKMHDRLEPEDEESDADYDYQNRLAAALGIRSFRNSSLNQEEEEFNLTALALENGTEFVSSNTDIIVGSNYSSPSNISKFTVNNLAEPQKAPSHQQATTAGSPLRHLIGKNSVLNSSTAEHSSPYSEDPIEDPLQPDVTGIRLLSLGAGEFKSQEHAKHKGPKVERDQAAKHRFSWMKLLAHKVGRHLSQDTGSPSGMRPWEDLPSQDTGSPSRMRPWKDPPSDLLLLKQSNSSKILVGRWHLASEKGSYEIIQDTDEDTAVNNWLISPQNASRAWGESTPLANKPGKQSGHPKFPRVRHKSLQVRQDGGKSRLKKSQFLIKTRKKKKEKHTHHAPLSPRTFHPLRSEAYNTFSERRLKHSLVLHKSNETSLPTDLNQTLPSMDFGWIASLPDHNQNSSNDTGQASCPPGLYQTVPPEEHYQTFPIQDPDQMHSTSDPSHRSSSPELSEMLEYDRSHKSFPTDISQMSPSSEHEVWQTVISPDLSQVTLSPELSQTNLSPDLSHTTLSPELIQRNLSPALGQMPISPDLSHTTLSPDLSHTTLSLDLSQTNLSPELSQTNLSPALGQMPLSPDLSHTTLSLDFSQTNLSPELSHMTLSPELSQTNLSPALGQMPISPDLSHTTLSLDFSQTNLSPELSQTNLSPALGQMPLSPDPSHTTLSLDLSQTNLSPELSQTNLSPDLSEMPLFADLSQIPLTPDLDQMTLSPDLGETDLSPNFGQMSLSPDLSQVTLSPDISDTTLLPDLSQISPPPDLDQIFYPSESSQSLLLQEFNESFPYPDLGQMPSPSSPTLNDTFLSKEFNPLVIVGLSKDGTDYIEIIPKEEVQSSEDDYAEIDYVPYDDPYKTDVRTNINSSRDPDNIAAWYLRSNNGNRRNYYIAAEEISWDYSEFVQRETDIEDSDDIPEDTTYKKVVFRKYLDSTFTKRDPRGEYEEHLGILGPIIRAEVDDVIQVRFKNLASRPYSLHAHGLSYEKSSEGKTYEDDSPEWFKEDNAVQPNSSYTYVWHATERSGPESPGSACRAWAYYSAVNPEKDIHSGLIGPLLICQKGILHKDSNMPMDMREFVLLFMTFDEKKSWYYEKKSRSSWRLTSSEMKKSHEFHAINGMIYSLPGLKMYEQEWVRLHLLNIGGSQDIHVVHFHGQTLLENGNKQHQLGVWPLLPGSFKTLEMKASKPGWWLLNTEVGENQRAGMQTPFLIMDRDCRMPMGLSTGIISDSQIKASEFLGYWEPRLARLNNGGSYNAWSVEKLAAEFASKPWIQVDMQKEVIITGIQTQGAKHYLKSCYTTEFYVAYSSNQINWQIFKGNSTRNVMYFNGNSDASTIKENQFDPPIVARYIRISPTRAYNRPTLRLELQGCEVNGCSTPLGMENGKIENKQITASSFKKSWWGDYWEPFRARLNAQGRVNAWQAKANNNKQWLEIDLLKIKKITAIITQGCKSLSSEMYVKSYTIHYSEQGVEWKPYRLKSSMVDKIFEGNTNTKGHVKNFFNPPIISRFIRVIPKTWNQSIALRLELFGCDIY,MFPGCPRLWVLVVLGTSWVGWGSQGTEAAQLRQFYVAAQGISWSYRPEPTNSSLNLSVTSFKKIVYREYEPYFKKEKPQSTISGLLGPTLYAEVGDIIKVHFKNKADKPLSIHPQGIRYSKLSEGASYLDHTFPAEKMDDAVAPGREYTYEWSISEDSGPTHDDPPCLTHIYYSHENLIEDFNSGLIGPLLICKKGTLTEGGTQKTFDKQIVLLFAVFDESKSWSQSSSLMYTVNGYVNGTMPDITVCAHDHISWHLLGMSSGPELFSIHFNGQVLEQNHHKVSAITLVSATSTTANMTVGPEGKWIISSLTPKHLQAGMQAYIDIKNCPKKTRNLKKITREQRRHMKRWEYFIAAEEVIWDYAPVIPANMDKKYRSQHLDNFSNQIGKHYKKVMYTQYEDESFTKHTVNPNMKEDGILGPIIRAQVRDTLKIVFKNMASRPYSIYPHGVTFSPYEDEVNSSFTSGRNNTMIRAVQPGETYTYKWNILEFDEPTENDAQCLTRPYYSDVDIMRDIASGLIGLLLICKSRSLDRRGIQRAADIEQQAVFAVFDENKSWYLEDNINKFCENPDEVKRDDPKFYESNIMSTINGYVPESITTLGFCFDDTVQWHFCSVGTQNEILTIHFTGHSFIYGKRHEDTLTLFPMRGESVTVTMDNVGTWMLTSMNSSPRSKKLRLKFRDVKCIPDDDEDSYEIFEPPESTVMATRKMHDRLEPEDEESDADYDYQNRLAAALGIRSFRNSSLNQEEEEFNLTALALENGTEFVSSNTDIIVGSNYSSPSNISKFTVNNLAEPQKAPSHQQATTAGSPLRHLIGKNSVLNSSTAEHSSPYSEDPIEDPLQPDVTGIRLLSLGAGEFKSQEHAKHKGPKVERDQAAKHRFSWMKLLAHKVGRHLSQDTGSPSGMRPWEDLPSQDTGSPSRMRPWKDPPSDLLLLKQSNSSKILVGRWHLASEKGSYEIIQDTDEDTAVNNWLISPQNASRAWGESTPLANKPGKQSGHPKFPRVRHKSLQVRQDGGKSRLKKSQFLIKTRKKKKEKHTHHAPLSPRTFHPLRSEAYNTFSERRLKHSLVLHKSNETSLPTDLNQTLPSMDFGWIASLPDHNQNSSNDTGQASCPPGLYQTVPPEEHYQTFPIQDPDQMHSTSDPSHRSSSPELSEMLEYDRSHKSFPTDISQMSPSSEHEVWQTVISPDLSQVTLSPELSQTNLSPDLSHTTLSPELIQRNLSPALGQMPISPDLSHTTLSPDLSHTTLSLDLSQTNLSPELSQTNLSPALGQMPLSPDLSHTTLSLDFSQTNLSPELSHMTLSPELSQTNLSPALGKMPISPDLSHTTLSLDFSQTNLSPELSQTNLSPALGQMPLSPDPSHTTLSLDLSQTNLSPELSQTNLSPDLSEMPLFADLSQIPLTPDLDQMTLSPDLGETDLSPNFGQMSLSPDLSQVTLSPDISDTTLLPDLSQISPPPDLDQIFYPSESSQSLLLQEFNESFPYPDLGQMPSPSSPTLNDTFLSKEFNPLVIVGLSKDGTDYIEIIPKEEVQSSEDDYAEIDYVPYDDPYKTDVRTNINSSRDPDNIAAWYLRSNNGNRRNYYIAAEEISWDYSEFVQRETDIEDSDDIPEDTTYKKVVFRKYLDSTFTKRDPRGEYEEHLGILGPIIRAEVDDVIQVRFKNLASRPYSLHAHGLSYEKSSEGKTYEDDSPEWFKEDNAVQPNSSYTYVWHATERSGPESPGSACRAWAYYSAVNPEKDIHSGLIGPLLICQKGILHKDSNMPMDMREFVLLFMTFDEKKSWYYEKKSRSSWRLTSSEMKKSHEFHAINGMIYSLPGLKMYEQEWVRLHLLNIGGSQDIHVVHFHGQTLLENGNKQHQLGVWPLLPGSFKTLEMKASKPGWWLLNTEVGENQRAGMQTPFLIMDRDCRMPMGLSTGIISDSQIKASEFLGYWEPRLARLNNGGSYNAWSVEKLAAEFASKPWIQVDMQKEVIITGIQTQGAKHYLKSCYTTEFYVAYSSNQINWQIFKGNSTRNVMYFNGNSDASTIKENQFDPPIVARYIRISPTRAYNRPTLRLELQGCEVNGCSTPLGMENGKIENKQITASSFKKSWWGDYWEPFRARLNAQGRVNAWQAKANNNKQWLEIDLLKIKKITAIITQGCKSLSSEMYVKSYTIHYSEQGVEWKPYRLKSSMVDKIFEGNTNTKGHVKNFFNPPIISRFIRVIPKTWNQSIALRLELFGCDIY,0
36,NP_000122.1:p.Gln160Arg,NP_000122.1,160,466,Q,R,MVSQALRLLCLLLGLQGCLAAGGVAKASGGETRDMPWKPGPHRVFVTQEEAHGVLHRRRRANAFLEELRPGSLERECKEEQCSFEEAREIFKDAERTKLFWISYSDGDQCASSPCQNGGSCKDQLQSYICFCLPAFEGRNCETHKDDQLICVNENGGCEQYCSDHTGTKRSCRCHEGYSLLADGVSCTPTVEYPCGKIPILEKRNASKPQGRIVGGKVCPKGECPWQVLLLVNGAQLCGGTLINTIWVVSAAHCFDKIKNWRNLIAVLGEHDLSEHDGDEQSRRVAQVIIPSTYVPGTTNHDIALLRLHQPVVLTDHVVPLCLPERTFSERTLAFVRFSLVSGWGQLLDRGATALELMVLNVPRLMTQDCLQQSRKVGDSPNITEYMFCAGYSDGSKDSCKGDSGGPHATHYRGTWYLTGIVSWGQGCATVGHFGVYTRVSQYIEWLQKLMRSEPRPGVLLRAPFP,MVSQALRLLCLLLGLQGCLAAGGVAKASGGETRDMPWKPGPHRVFVTQEEAHGVLHRRRRANAFLEELRPGSLERECKEEQCSFEEAREIFKDAERTKLFWISYSDGDQCASSPCQNGGSCKDQLQSYICFCLPAFEGRNCETHKDDQLICVNENGGCERYCSDHTGTKRSCRCHEGYSLLADGVSCTPTVEYPCGKIPILEKRNASKPQGRIVGGKVCPKGECPWQVLLLVNGAQLCGGTLINTIWVVSAAHCFDKIKNWRNLIAVLGEHDLSEHDGDEQSRRVAQVIIPSTYVPGTTNHDIALLRLHQPVVLTDHVVPLCLPERTFSERTLAFVRFSLVSGWGQLLDRGATALELMVLNVPRLMTQDCLQQSRKVGDSPNITEYMFCAGYSDGSKDSCKGDSGGPHATHYRGTWYLTGIVSWGQGCATVGHFGVYTRVSQYIEWLQKLMRSEPRPGVLLRAPFP,1
37,NP_000122.1:p.Arg170His,NP_000122.1,170,466,R,H,MVSQALRLLCLLLGLQGCLAAGGVAKASGGETRDMPWKPGPHRVFVTQEEAHGVLHRRRRANAFLEELRPGSLERECKEEQCSFEEAREIFKDAERTKLFWISYSDGDQCASSPCQNGGSCKDQLQSYICFCLPAFEGRNCETHKDDQLICVNENGGCEQYCSDHTGTKRSCRCHEGYSLLADGVSCTPTVEYPCGKIPILEKRNASKPQGRIVGGKVCPKGECPWQVLLLVNGAQLCGGTLINTIWVVSAAHCFDKIKNWRNLIAVLGEHDLSEHDGDEQSRRVAQVIIPSTYVPGTTNHDIALLRLHQPVVLTDHVVPLCLPERTFSERTLAFVRFSLVSGWGQLLDRGATALELMVLNVPRLMTQDCLQQSRKVGDSPNITEYMFCAGYSDGSKDSCKGDSGGPHATHYRGTWYLTGIVSWGQGCATVGHFGVYTRVSQYIEWLQKLMRSEPRPGVLLRAPFP,MVSQALRLLCLLLGLQGCLAAGGVAKASGGETRDMPWKPGPHRVFVTQEEAHGVLHRRRRANAFLEELRPGSLERECKEEQCSFEEAREIFKDAERTKLFWISYSDGDQCASSPCQNGGSCKDQLQSYICFCLPAFEGRNCETHKDDQLICVNENGGCEQYCSDHTGTKHSCRCHEGYSLLADGVSCTPTVEYPCGKIPILEKRNASKPQGRIVGGKVCPKGECPWQVLLLVNGAQLCGGTLINTIWVVSAAHCFDKIKNWRNLIAVLGEHDLSEHDGDEQSRRVAQVIIPSTYVPGTTNHDIALLRLHQPVVLTDHVVPLCLPERTFSERTLAFVRFSLVSGWGQLLDRGATALELMVLNVPRLMTQDCLQQSRKVGDSPNITEYMFCAGYSDGSKDSCKGDSGGPHATHYRGTWYLTGIVSWGQGCATVGHFGVYTRVSQYIEWLQKLMRSEPRPGVLLRAPFP,1
38,NP_000126.2:p.Ala746Ser,NP_000126.2,746,1455,A,S,MSDSWVPNSASGQDPGGRRRAWAELLAGRVKREKYNPERAQKLKESAVRLLRSHQDLNALLLEVEGPLCKKLSLSKVIDCDSSEAYANHSSSFIGSALQDQASRLGVPVGILSAGMVASSVGQICTAPAETSHPVLLTVEQRKKLSSLLEFAQYLLAHSMFSRLSFCQELWKIQSSLLLEAVWHLHVQGIVSLQELLESHPDMHAVGSWLFRNLCCLCEQMEASCQHADVARAMLSDFVQMFVLRGFQKNSDLRRTVEPEKMPQVTVDVLQRMLIFALDALAAGVQEESSTHKIVRCWFGVFSGHTLGSVISTDPLKRFFSHTLTQILTHSPVLKASDAVQMQREWSFARTHPLLTSLYRRLFVMLSAEELVGHLQEVLETQEVHWQRVLSFVSALVVCFPEAQQLLEDWVARLMAQAFESCQLDSMVTAFLVVRQAALEGPSAFLSYADWFKASFGSTRGYHGCSKKALVFLFTFLSELVPFESPRYLQVHILHPPLVPGKYRSLLTDYISLAKTRLADLKVSIENMGLYEDLSSAGDITEPHSQALQDVEKAIMVFEHTGNIPVTVMEASIFRRPYYVSHFLPALLTPRVLPKVPDSRVAFIESLKRADKIPPSLYSTYCQACSAAEEKPEDAALGVRAEPNSAEEPLGQLTAALGELRASMTDPSQRDVISAQVAVISERLRAVLGHNEDDSSVEISKIQLSINTPRLEPREHMAVDLLLTSFCQNLMAASSVAPPERQGPWAALFVRTMCGRVLPAVLTRLCQLLRHQGPSLSAPHVLGLAALAVHLGESRSALPEVDVGPPAPGAGLPVPALFDSLLTCRTRDSLFFCLKFCTAAISYSLCKFSSQSRDTLCSCLSPGLIKKFQFLMFRLFSEARQPLSEEDVASLSWRPLHLPSADWQRAALSLWTHRTFREVLKEEDVHLTYQDWLHLELEIQPEADALSDTERQDFHQWAIHEHFLPESSASGGCDGDLQAACTILVNALMDFHQSSRSYDHSENSDLVFGGRTGNEDIISRLQEMVADLELQQDLIVPLGHTPSQEHFLFEIFRRRLQALTSGWSVAASLQRQRELLMYKRILLRLPSSVLCGSSFQAEQPITARCEQFFHLVNSEMRNFCSHGGALTQDITAHFFRGLLNACLRSRDPSLMVDFILAKCQTKCPLILTSALVWWPSLEPVLLCRWRRHCQSPLPRELQKLQEGRQFASDFLSPEAASPAPNPDWLSAAALHFAIQQVREENIRKQLKKLDCEREELLVFLFFFSLMGLLSSHLTSNSTTDLPKAFHVCAAILECLEKRKISWLALFQLTESDLRLGRLLLRVAPDQHTRLLPFAFYSLLSYFHEDAAIREEAFLHVAVDMYLKLVQLFVAGDTSTVSPPAGRSLELKGQGNPVELITKARLFLLQLIPRCPKKSFSHVAELLADRGDCDPEVSAALQSRQQAAPDADLSQEPHLF,MSDSWVPNSASGQDPGGRRRAWAELLAGRVKREKYNPERAQKLKESAVRLLRSHQDLNALLLEVEGPLCKKLSLSKVIDCDSSEAYANHSSSFIGSALQDQASRLGVPVGILSAGMVASSVGQICTAPAETSHPVLLTVEQRKKLSSLLEFAQYLLAHSMFSRLSFCQELWKIQSSLLLEAVWHLHVQGIVSLQELLESHPDMHAVGSWLFRNLCCLCEQMEASCQHADVARAMLSDFVQMFVLRGFQKNSDLRRTVEPEKMPQVTVDVLQRMLIFALDALAAGVQEESSTHKIVRCWFGVFSGHTLGSVISTDPLKRFFSHTLTQILTHSPVLKASDAVQMQREWSFARTHPLLTSLYRRLFVMLSAEELVGHLQEVLETQEVHWQRVLSFVSALVVCFPEAQQLLEDWVARLMAQAFESCQLDSMVTAFLVVRQAALEGPSAFLSYADWFKASFGSTRGYHGCSKKALVFLFTFLSELVPFESPRYLQVHILHPPLVPGKYRSLLTDYISLAKTRLADLKVSIENMGLYEDLSSAGDITEPHSQALQDVEKAIMVFEHTGNIPVTVMEASIFRRPYYVSHFLPALLTPRVLPKVPDSRVAFIESLKRADKIPPSLYSTYCQACSAAEEKPEDAALGVRAEPNSAEEPLGQLTAALGELRASMTDPSQRDVISAQVAVISERLRAVLGHNEDDSSVEISKIQLSINTPRLEPREHMAVDLLLTSFCQNLMAASSVAPPERQGPWSALFVRTMCGRVLPAVLTRLCQLLRHQGPSLSAPHVLGLAALAVHLGESRSALPEVDVGPPAPGAGLPVPALFDSLLTCRTRDSLFFCLKFCTAAISYSLCKFSSQSRDTLCSCLSPGLIKKFQFLMFRLFSEARQPLSEEDVASLSWRPLHLPSADWQRAALSLWTHRTFREVLKEEDVHLTYQDWLHLELEIQPEADALSDTERQDFHQWAIHEHFLPESSASGGCDGDLQAACTILVNALMDFHQSSRSYDHSENSDLVFGGRTGNEDIISRLQEMVADLELQQDLIVPLGHTPSQEHFLFEIFRRRLQALTSGWSVAASLQRQRELLMYKRILLRLPSSVLCGSSFQAEQPITARCEQFFHLVNSEMRNFCSHGGALTQDITAHFFRGLLNACLRSRDPSLMVDFILAKCQTKCPLILTSALVWWPSLEPVLLCRWRRHCQSPLPRELQKLQEGRQFASDFLSPEAASPAPNPDWLSAAALHFAIQQVREENIRKQLKKLDCEREELLVFLFFFSLMGLLSSHLTSNSTTDLPKAFHVCAAILECLEKRKISWLALFQLTESDLRLGRLLLRVAPDQHTRLLPFAFYSLLSYFHEDAAIREEAFLHVAVDMYLKLVQLFVAGDTSTVSPPAGRSLELKGQGNPVELITKARLFLLQLIPRCPKKSFSHVAELLADRGDCDPEVSAALQSRQQAAPDADLSQEPHLF,0
39,NP_000126.2:p.Glu936Gly,NP_000126.2,936,1455,E,G,MSDSWVPNSASGQDPGGRRRAWAELLAGRVKREKYNPERAQKLKESAVRLLRSHQDLNALLLEVEGPLCKKLSLSKVIDCDSSEAYANHSSSFIGSALQDQASRLGVPVGILSAGMVASSVGQICTAPAETSHPVLLTVEQRKKLSSLLEFAQYLLAHSMFSRLSFCQELWKIQSSLLLEAVWHLHVQGIVSLQELLESHPDMHAVGSWLFRNLCCLCEQMEASCQHADVARAMLSDFVQMFVLRGFQKNSDLRRTVEPEKMPQVTVDVLQRMLIFALDALAAGVQEESSTHKIVRCWFGVFSGHTLGSVISTDPLKRFFSHTLTQILTHSPVLKASDAVQMQREWSFARTHPLLTSLYRRLFVMLSAEELVGHLQEVLETQEVHWQRVLSFVSALVVCFPEAQQLLEDWVARLMAQAFESCQLDSMVTAFLVVRQAALEGPSAFLSYADWFKASFGSTRGYHGCSKKALVFLFTFLSELVPFESPRYLQVHILHPPLVPGKYRSLLTDYISLAKTRLADLKVSIENMGLYEDLSSAGDITEPHSQALQDVEKAIMVFEHTGNIPVTVMEASIFRRPYYVSHFLPALLTPRVLPKVPDSRVAFIESLKRADKIPPSLYSTYCQACSAAEEKPEDAALGVRAEPNSAEEPLGQLTAALGELRASMTDPSQRDVISAQVAVISERLRAVLGHNEDDSSVEISKIQLSINTPRLEPREHMAVDLLLTSFCQNLMAASSVAPPERQGPWAALFVRTMCGRVLPAVLTRLCQLLRHQGPSLSAPHVLGLAALAVHLGESRSALPEVDVGPPAPGAGLPVPALFDSLLTCRTRDSLFFCLKFCTAAISYSLCKFSSQSRDTLCSCLSPGLIKKFQFLMFRLFSEARQPLSEEDVASLSWRPLHLPSADWQRAALSLWTHRTFREVLKEEDVHLTYQDWLHLELEIQPEADALSDTERQDFHQWAIHEHFLPESSASGGCDGDLQAACTILVNALMDFHQSSRSYDHSENSDLVFGGRTGNEDIISRLQEMVADLELQQDLIVPLGHTPSQEHFLFEIFRRRLQALTSGWSVAASLQRQRELLMYKRILLRLPSSVLCGSSFQAEQPITARCEQFFHLVNSEMRNFCSHGGALTQDITAHFFRGLLNACLRSRDPSLMVDFILAKCQTKCPLILTSALVWWPSLEPVLLCRWRRHCQSPLPRELQKLQEGRQFASDFLSPEAASPAPNPDWLSAAALHFAIQQVREENIRKQLKKLDCEREELLVFLFFFSLMGLLSSHLTSNSTTDLPKAFHVCAAILECLEKRKISWLALFQLTESDLRLGRLLLRVAPDQHTRLLPFAFYSLLSYFHEDAAIREEAFLHVAVDMYLKLVQLFVAGDTSTVSPPAGRSLELKGQGNPVELITKARLFLLQLIPRCPKKSFSHVAELLADRGDCDPEVSAALQSRQQAAPDADLSQEPHLF,MSDSWVPNSASGQDPGGRRRAWAELLAGRVKREKYNPERAQKLKESAVRLLRSHQDLNALLLEVEGPLCKKLSLSKVIDCDSSEAYANHSSSFIGSALQDQASRLGVPVGILSAGMVASSVGQICTAPAETSHPVLLTVEQRKKLSSLLEFAQYLLAHSMFSRLSFCQELWKIQSSLLLEAVWHLHVQGIVSLQELLESHPDMHAVGSWLFRNLCCLCEQMEASCQHADVARAMLSDFVQMFVLRGFQKNSDLRRTVEPEKMPQVTVDVLQRMLIFALDALAAGVQEESSTHKIVRCWFGVFSGHTLGSVISTDPLKRFFSHTLTQILTHSPVLKASDAVQMQREWSFARTHPLLTSLYRRLFVMLSAEELVGHLQEVLETQEVHWQRVLSFVSALVVCFPEAQQLLEDWVARLMAQAFESCQLDSMVTAFLVVRQAALEGPSAFLSYADWFKASFGSTRGYHGCSKKALVFLFTFLSELVPFESPRYLQVHILHPPLVPGKYRSLLTDYISLAKTRLADLKVSIENMGLYEDLSSAGDITEPHSQALQDVEKAIMVFEHTGNIPVTVMEASIFRRPYYVSHFLPALLTPRVLPKVPDSRVAFIESLKRADKIPPSLYSTYCQACSAAEEKPEDAALGVRAEPNSAEEPLGQLTAALGELRASMTDPSQRDVISAQVAVISERLRAVLGHNEDDSSVEISKIQLSINTPRLEPREHMAVDLLLTSFCQNLMAASSVAPPERQGPWAALFVRTMCGRVLPAVLTRLCQLLRHQGPSLSAPHVLGLAALAVHLGESRSALPEVDVGPPAPGAGLPVPALFDSLLTCRTRDSLFFCLKFCTAAISYSLCKFSSQSRDTLCSCLSPGLIKKFQFLMFRLFSEARQPLSEEDVASLSWRPLHLPSADWQRAALSLWTHRTFREVLKEEDVHLTYQDWLHLGLEIQPEADALSDTERQDFHQWAIHEHFLPESSASGGCDGDLQAACTILVNALMDFHQSSRSYDHSENSDLVFGGRTGNEDIISRLQEMVADLELQQDLIVPLGHTPSQEHFLFEIFRRRLQALTSGWSVAASLQRQRELLMYKRILLRLPSSVLCGSSFQAEQPITARCEQFFHLVNSEMRNFCSHGGALTQDITAHFFRGLLNACLRSRDPSLMVDFILAKCQTKCPLILTSALVWWPSLEPVLLCRWRRHCQSPLPRELQKLQEGRQFASDFLSPEAASPAPNPDWLSAAALHFAIQQVREENIRKQLKKLDCEREELLVFLFFFSLMGLLSSHLTSNSTTDLPKAFHVCAAILECLEKRKISWLALFQLTESDLRLGRLLLRVAPDQHTRLLPFAFYSLLSYFHEDAAIREEAFLHVAVDMYLKLVQLFVAGDTSTVSPPAGRSLELKGQGNPVELITKARLFLLQLIPRCPKKSFSHVAELLADRGDCDPEVSAALQSRQQAAPDADLSQEPHLF,1
